Date,Open,High,Low,Close,Adj Close,Volume,SMA,EMA,Volatility,RSI,MACD,Signal Line,Daily_Return,Normalized_Close,Log_Return,10_Day_MA_Return,Previous_Day_Return
2021-06-01,209.267,211.267,206.85,207.967,207.967,54254700,0.0,207.967,0.0,100.0,0.0,0.0,0.0,-0.684,0.0,0.0,0.0
2021-06-02,206.71,207.787,199.713,201.707,201.707,69908400,0.0,204.613,0.0,100.0,-0.14,-0.078,-0.03,-0.79,-0.031,0.0,0.0
2021-06-03,200.6,201.517,190.407,190.947,190.947,90335700,0.0,199.392,0.0,100.0,-0.513,-0.256,-0.053,-0.974,-0.055,0.0,-0.03
2021-06-04,193.237,200.203,192.4,199.683,199.683,72110700,0.0,199.481,0.0,100.0,-0.354,-0.289,0.046,-0.825,0.045,0.0,-0.053
2021-06-07,197.277,203.333,194.293,201.71,201.71,67631100,0.0,200.063,0.0,100.0,-0.18,-0.257,0.01,-0.79,0.01,0.0,0.046
2021-06-08,207.67,207.697,198.5,201.197,201.197,78160200,0.0,200.325,0.0,100.0,-0.093,-0.212,-0.003,-0.799,-0.003,0.0,0.01
2021-06-09,200.723,203.93,199.21,199.593,199.593,49753800,0.0,200.171,0.0,100.0,-0.109,-0.186,-0.008,-0.826,-0.008,0.0,-0.003
2021-06-10,201.293,205.53,200.167,203.373,203.373,71758800,0.0,200.797,0.0,100.0,0.062,-0.127,0.019,-0.762,0.019,0.0,-0.008
2021-06-11,203.41,204.187,200.507,203.297,203.297,48615900,0.0,201.258,0.0,100.0,0.176,-0.057,-0.0,-0.763,-0.0,0.0,0.019
2021-06-14,204.077,208.497,203.06,205.897,205.897,61272000,0.0,202.07,0.0,100.0,0.388,0.043,0.013,-0.719,0.013,-0.001,-0.0
2021-06-15,205.563,205.597,199.41,199.787,199.787,53292300,0.0,201.686,0.0,100.0,0.21,0.079,-0.03,-0.823,-0.03,-0.004,0.013
2021-06-16,199.18,202.833,197.833,201.623,201.623,66432300,0.0,201.676,0.0,100.0,0.178,0.1,0.009,-0.792,0.009,0.0,-0.03
2021-06-17,200.63,207.157,200.447,205.533,205.533,68104200,0.0,202.285,0.0,100.0,0.372,0.158,0.019,-0.725,0.019,0.008,0.009
2021-06-18,204.457,209.45,203.933,207.77,207.77,73682700,0.0,203.131,4.288,100.0,0.643,0.259,0.011,-0.687,0.011,0.004,0.019
2021-06-21,208.16,210.463,202.96,206.943,206.943,74438100,0.0,203.706,4.189,100.0,0.789,0.369,-0.004,-0.701,-0.004,0.003,0.011
2021-06-22,206.083,209.523,205.167,207.903,207.903,57476700,0.0,204.329,4.465,100.0,0.949,0.488,0.005,-0.685,0.005,0.003,-0.004
2021-06-23,210.667,219.067,210.013,218.857,218.857,93297600,0.0,206.452,5.088,100.0,1.737,0.744,0.053,-0.498,0.051,0.009,0.005
2021-06-24,224.997,232.54,222.537,226.607,226.607,137947200,0.0,209.361,7.594,100.0,2.807,1.164,0.035,-0.366,0.035,0.011,0.053
2021-06-25,229.86,231.27,222.9,223.957,223.957,97490100,0.0,211.444,8.766,100.0,3.426,1.623,-0.012,-0.411,-0.012,0.01,0.035
2021-06-28,223.88,231.567,223.44,229.573,229.573,64884600,207.196,214.008,10.225,100.0,4.228,2.15,0.025,-0.315,0.025,0.011,-0.012
2021-06-29,228.217,229.17,225.297,226.92,226.92,52143900,208.144,215.819,10.674,61.577,4.621,2.649,-0.012,-0.361,-0.012,0.013,0.025
2021-06-30,226.59,230.937,226.047,226.567,226.567,56774700,209.387,217.317,11.025,66.365,4.846,3.092,-0.002,-0.367,-0.002,0.012,-0.012
2021-07-01,227.973,229.33,224.267,225.973,225.973,55903500,211.138,218.515,11.052,76.621,4.923,3.46,-0.003,-0.377,-0.003,0.01,-0.002
2021-07-02,226.327,233.333,224.42,226.3,226.3,81163500,212.469,219.588,11.064,73.195,4.948,3.759,0.001,-0.371,0.001,0.009,-0.003
2021-07-06,227.237,228.0,217.133,219.86,219.86,69853500,213.377,219.625,9.943,64.687,4.461,3.9,-0.028,-0.481,-0.029,0.006,0.001
2021-07-07,221.423,221.9,212.773,214.883,214.883,56376000,214.061,218.977,8.813,60.329,3.68,3.856,-0.023,-0.566,-0.023,0.004,-0.028
2021-07-08,209.457,218.143,206.82,217.603,217.603,68319900,214.961,218.79,7.927,63.366,3.222,3.729,0.013,-0.519,0.013,-0.0,-0.023
2021-07-09,217.727,219.637,214.897,218.983,218.983,54421500,215.742,218.816,7.125,62.013,2.925,3.568,0.006,-0.496,0.006,-0.003,0.013
2021-07-12,220.733,229.08,220.72,228.567,228.567,77781000,217.005,220.137,6.175,66.965,3.351,3.524,0.044,-0.333,0.043,0.002,0.006
2021-07-13,228.773,231.093,222.1,222.847,222.847,62898300,217.853,220.504,4.574,60.922,3.229,3.465,-0.025,-0.43,-0.025,-0.003,0.044
2021-07-14,223.583,226.203,217.613,217.793,217.793,64923600,218.753,220.138,4.663,61.763,2.726,3.317,-0.023,-0.516,-0.023,-0.004,-0.025
2021-07-15,219.463,222.047,212.627,216.867,216.867,60628800,219.515,219.697,4.857,60.078,2.234,3.1,-0.004,-0.532,-0.004,-0.004,-0.023
2021-07-16,218.227,218.9,214.067,214.74,214.74,49113000,219.976,219.03,5.269,56.234,1.666,2.813,-0.01,-0.568,-0.01,-0.005,-0.004
2021-07-19,209.963,215.733,207.097,215.407,215.407,63891300,220.358,218.543,5.051,55.283,1.252,2.501,0.003,-0.557,0.003,-0.005,-0.01
2021-07-20,217.33,220.797,213.5,220.167,220.167,46461300,221.019,218.761,4.75,58.676,1.271,2.255,0.022,-0.476,0.022,0.0,0.003
2021-07-21,219.87,221.62,216.763,218.43,218.43,41859900,221.545,218.717,4.434,56.837,1.14,2.032,-0.008,-0.505,-0.008,0.002,0.022
2021-07-22,218.813,220.723,214.867,216.42,216.42,45317100,221.423,218.409,4.152,48.209,0.872,1.8,-0.009,-0.54,-0.009,-0.0,-0.008
2021-07-23,215.453,216.267,212.433,214.46,214.46,43814700,220.816,217.88,3.785,40.244,0.504,1.541,-0.009,-0.573,-0.009,-0.002,-0.009
2021-07-26,216.99,222.733,215.703,219.207,219.207,76009800,220.578,218.058,3.769,46.309,0.572,1.347,0.022,-0.492,0.022,-0.004,-0.009
2021-07-27,221.133,222.167,209.08,214.927,214.927,98439900,219.846,217.639,3.766,38.378,0.291,1.136,-0.02,-0.565,-0.02,-0.004,0.022
2021-07-28,215.667,218.323,213.133,215.66,215.66,48019800,219.283,217.374,3.829,40.785,0.125,0.934,0.003,-0.553,0.003,-0.001,-0.02
2021-07-29,216.597,227.897,216.267,225.783,225.783,91183800,219.244,218.498,4.337,49.447,0.771,0.901,0.047,-0.38,0.046,0.004,0.003
2021-07-30,223.92,232.51,223.0,229.067,229.067,88969200,219.399,219.91,4.426,52.103,1.521,1.025,0.015,-0.324,0.014,0.007,0.047
2021-08-02,233.333,242.313,232.8,236.557,236.557,100847400,219.911,222.134,6.463,56.354,2.67,1.354,0.033,-0.196,0.032,0.01,0.015
2021-08-03,239.667,240.883,233.67,236.58,236.58,64860900,220.747,224.063,7.844,61.252,3.54,1.791,0.0,-0.196,0.0,0.007,0.033
2021-08-04,237.0,241.633,236.31,236.973,236.973,51007800,221.852,225.787,8.807,65.843,4.212,2.275,0.002,-0.189,0.002,0.008,0.0
2021-08-05,238.667,240.317,237.137,238.21,238.21,38758800,222.882,227.445,9.437,65.1,4.786,2.778,0.005,-0.168,0.005,0.01,0.002
2021-08-06,237.3,238.777,232.543,233.033,233.033,46869000,223.585,228.191,9.359,59.753,4.778,3.178,-0.022,-0.256,-0.022,0.009,0.005
2021-08-09,236.723,239.677,235.043,237.92,237.92,44145900,224.052,229.49,9.789,56.946,5.098,3.562,0.021,-0.173,0.021,0.008,-0.022
2021-08-10,237.997,238.863,233.96,236.663,236.663,40296900,224.743,230.447,9.823,60.988,5.192,3.888,-0.005,-0.195,-0.005,0.01,0.021
2021-08-11,237.57,238.393,234.737,235.94,235.94,29401800,225.651,231.18,9.436,65.499,5.15,4.14,-0.003,-0.207,-0.003,0.009,-0.005
2021-08-12,235.447,240.933,233.133,240.75,240.75,52377300,226.845,232.456,8.841,69.13,5.435,4.399,0.02,-0.125,0.02,0.007,-0.003
2021-08-13,241.237,243.3,238.113,239.057,239.057,50194500,228.061,233.337,8.342,69.613,5.464,4.612,-0.007,-0.154,-0.007,0.004,0.02
2021-08-16,235.023,236.5,225.467,228.723,228.723,68032200,228.726,232.722,6.75,59.292,4.611,4.612,-0.043,-0.33,-0.044,-0.003,-0.007
2021-08-17,224.22,224.86,216.28,221.903,221.903,71163900,228.813,231.279,5.575,51.178,3.354,4.361,-0.03,-0.446,-0.03,-0.006,-0.043
2021-08-18,223.25,231.923,223.117,229.663,229.663,61048200,229.375,231.063,5.215,57.044,2.942,4.077,0.035,-0.314,0.034,-0.003,-0.03
2021-08-19,226.07,228.85,222.53,224.49,224.49,42940500,229.778,230.186,5.694,54.867,2.178,3.697,-0.023,-0.402,-0.023,-0.006,0.035
2021-08-20,227.617,230.71,224.567,226.753,226.753,44525700,230.393,229.729,5.956,57.387,1.734,3.305,0.01,-0.363,0.01,-0.002,-0.023
2021-08-23,228.48,237.377,226.917,235.433,235.433,60794700,231.204,230.489,5.916,59.311,2.051,3.054,0.038,-0.216,0.038,-0.001,0.01
2021-08-24,236.893,238.407,234.213,236.163,236.163,39249300,232.266,231.246,5.881,62.703,2.334,2.91,0.003,-0.203,0.003,0.0,0.038
2021-08-25,235.677,238.99,234.667,237.067,237.067,37936800,233.337,232.022,5.813,62.779,2.6,2.848,0.004,-0.188,0.004,0.001,0.003
2021-08-26,236.103,238.467,232.54,233.72,233.72,39642900,233.733,232.249,5.815,55.155,2.515,2.781,-0.014,-0.245,-0.014,-0.003,0.004
2021-08-27,235.0,238.333,234.033,237.307,237.307,41501400,234.145,232.923,5.779,55.331,2.703,2.766,0.015,-0.184,0.015,-0.0,-0.014
2021-08-30,238.24,243.667,237.577,243.637,243.637,55812600,234.499,234.352,6.378,54.65,3.321,2.877,0.027,-0.076,0.026,0.007,0.015
2021-08-31,244.333,246.797,242.147,245.24,245.24,62566200,234.932,235.804,7.084,55.572,3.894,3.08,0.007,-0.048,0.007,0.01,0.027
2021-09-01,244.693,247.33,243.757,244.697,244.697,39612900,235.319,236.989,7.431,54.96,4.256,3.315,-0.002,-0.058,-0.002,0.007,0.007
2021-09-02,244.833,246.99,243.513,244.13,244.13,38331900,235.615,237.942,7.783,53.835,4.446,3.541,-0.002,-0.067,-0.002,0.009,-0.002
2021-09-03,244.083,244.667,241.4,244.523,244.523,45738300,236.189,238.819,7.958,57.935,4.575,3.748,0.002,-0.061,0.002,0.008,-0.002
2021-09-07,246.667,253.4,246.42,250.973,250.973,60119400,236.842,240.44,7.773,58.824,5.136,4.026,0.026,0.049,0.026,0.006,0.002
2021-09-08,253.86,254.817,246.923,251.29,251.29,56379000,237.573,241.887,8.103,60.015,5.543,4.329,0.001,0.055,0.001,0.006,0.026
2021-09-09,251.137,254.033,250.543,251.62,251.62,42233100,238.357,243.184,7.407,60.794,5.824,4.628,0.001,0.06,0.001,0.006,0.001
2021-09-10,253.2,254.203,244.84,245.423,245.423,45552600,238.591,243.483,6.089,53.157,5.485,4.8,-0.025,-0.045,-0.025,0.005,0.001
2021-09-13,246.737,248.26,236.283,247.667,247.667,68857500,239.021,244.041,5.8,55.773,5.336,4.907,0.009,-0.007,0.009,0.004,-0.025
2021-09-14,247.523,251.49,245.467,248.163,248.163,55574700,239.993,244.591,5.458,65.015,5.198,4.965,0.002,0.001,0.002,0.002,0.009
2021-09-15,248.333,252.287,246.12,251.943,251.943,46073100,241.495,245.571,5.309,74.346,5.331,5.038,0.015,0.066,0.015,0.003,0.002
2021-09-16,250.943,252.97,249.203,252.33,252.33,41770200,242.629,246.472,4.302,70.864,5.405,5.111,0.002,0.072,0.002,0.003,0.015
2021-09-17,252.383,253.68,250.0,253.163,253.163,84612600,244.062,247.364,3.558,78.685,5.468,5.183,0.003,0.087,0.003,0.004,0.002
2021-09-20,244.853,247.333,239.54,243.39,243.39,74273100,244.894,246.834,3.583,64.469,4.677,5.081,-0.039,-0.08,-0.039,-0.0,0.003
2021-09-21,244.93,248.247,243.48,246.46,246.46,48992100,245.445,246.784,3.52,60.627,4.248,4.915,0.013,-0.028,0.013,-0.002,-0.039
2021-09-22,247.843,251.223,246.373,250.647,250.647,45378900,246.17,247.299,3.413,63.087,4.197,4.771,0.017,0.044,0.017,-0.0,0.013
2021-09-23,251.667,252.733,249.307,251.213,251.213,35842500,246.877,247.821,3.203,62.861,4.154,4.648,0.002,0.053,0.002,-0.0,0.017
2021-09-24,248.63,258.267,248.187,258.13,258.13,64119000,248.097,249.196,3.7,70.838,4.624,4.643,0.028,0.171,0.027,0.005,0.002
2021-09-27,257.707,266.333,256.437,263.787,263.787,84212100,249.421,251.141,5.196,71.834,5.391,4.793,0.022,0.268,0.022,0.006,0.028
2021-09-28,262.4,265.213,255.393,259.187,259.187,76144200,250.199,252.214,5.63,63.198,5.563,4.947,-0.017,0.189,-0.018,0.005,0.022
2021-09-29,259.933,264.5,256.893,260.437,260.437,62828700,250.959,253.31,6.1,62.976,5.734,5.104,0.005,0.21,0.005,0.003,-0.017
2021-09-30,260.333,263.043,258.333,258.493,258.493,53868000,251.649,254.001,5.968,61.506,5.648,5.213,-0.007,0.177,-0.007,0.003,0.005
2021-10-01,259.467,260.26,254.53,258.407,258.407,51094200,252.362,254.589,5.89,62.002,5.509,5.272,-0.0,0.176,-0.0,0.002,-0.007
2021-10-04,265.5,268.99,258.707,260.51,260.51,91449900,253.162,255.378,5.876,63.064,5.506,5.319,0.008,0.212,0.008,0.007,-0.0
2021-10-05,261.6,265.77,258.067,260.197,260.197,55297800,253.623,256.021,5.974,58.377,5.415,5.338,-0.001,0.206,-0.001,0.006,0.008
2021-10-06,258.733,262.22,257.74,260.917,260.917,43898400,254.104,256.674,6.068,58.68,5.339,5.338,0.003,0.219,0.003,0.004,-0.001
2021-10-07,261.82,268.333,261.127,264.537,264.537,57587400,254.75,257.722,6.402,60.994,5.508,5.372,0.014,0.28,0.014,0.005,0.003
2021-10-08,265.403,265.46,260.303,261.83,261.83,50215800,255.57,258.27,5.197,64.847,5.362,5.37,-0.01,0.234,-0.01,0.001,0.014
2021-10-11,262.55,267.08,261.833,263.98,263.98,42600900,256.386,259.031,4.159,64.787,5.357,5.368,0.008,0.271,0.008,0.0,-0.01
2021-10-12,266.977,270.773,265.523,268.573,268.573,66060000,257.407,260.303,3.997,67.222,5.659,5.426,0.017,0.349,0.017,0.004,0.008
2021-10-13,270.157,271.803,268.593,270.36,270.36,42360300,258.327,261.644,3.759,66.081,5.973,5.535,0.007,0.38,0.007,0.004,0.017
2021-10-14,271.83,273.417,271.117,272.773,272.773,36741600,259.35,263.128,4.529,67.24,6.343,5.697,0.009,0.421,0.009,0.005,0.007
2021-10-15,274.58,281.07,274.117,281.01,281.01,56773800,260.742,265.512,6.589,70.877,7.218,6.001,0.03,0.561,0.03,0.008,0.009
2021-10-18,283.93,291.753,283.823,290.037,290.037,72621600,263.074,268.782,9.316,85.367,8.541,6.509,0.032,0.715,0.032,0.011,0.03
2021-10-19,292.51,292.65,287.503,288.09,288.09,52143300,265.156,271.357,10.737,82.11,9.325,7.072,-0.007,0.682,-0.007,0.01,0.032
2021-10-20,288.45,289.83,285.793,288.6,288.6,42096300,267.053,273.656,11.552,81.035,9.873,7.632,0.002,0.69,0.002,0.01,-0.007
2021-10-21,285.333,300.0,285.167,298.0,298.0,94444500,269.393,276.902,13.059,83.429,10.94,8.294,0.033,0.851,0.032,0.012,0.002
2021-10-22,298.5,303.333,296.987,303.227,303.227,68642400,271.648,280.412,14.673,83.018,12.068,9.049,0.018,0.94,0.017,0.015,0.033
2021-10-25,316.843,348.34,314.733,341.62,341.62,188556300,275.539,288.573,21.991,88.521,15.876,10.414,0.127,1.594,0.119,0.027,0.018
2021-10-26,341.563,364.98,333.813,339.477,339.477,187245000,279.554,295.36,25.785,90.727,18.507,12.033,-0.006,1.557,-0.006,0.024,0.127
2021-10-27,346.553,356.96,343.593,345.953,345.953,115579500,283.83,302.106,29.057,91.194,20.874,13.801,0.019,1.668,0.019,0.026,-0.006
2021-10-28,356.103,360.333,351.4,359.013,359.013,81639600,288.856,309.693,32.258,93.737,23.533,15.747,0.038,1.89,0.037,0.028,0.019
2021-10-29,360.62,371.737,357.737,371.333,371.333,89755200,294.502,317.912,35.444,94.408,26.33,17.864,0.034,2.1,0.034,0.029,0.038
2021-11-01,381.667,403.25,372.887,402.863,402.863,168146100,301.62,329.239,41.483,95.459,30.736,20.438,0.085,2.637,0.081,0.034,0.034
2021-11-02,386.453,402.863,382.0,390.667,390.667,128213400,308.143,337.429,43.272,88.725,32.865,22.924,-0.03,2.43,-0.031,0.032,0.085
2021-11-03,392.443,405.13,384.207,404.62,404.62,103885500,315.328,346.388,44.966,89.546,35.271,25.393,0.036,2.667,0.035,0.035,-0.03
2021-11-04,411.47,414.497,405.667,409.97,409.97,76192200,322.6,354.866,46.023,89.645,37.181,27.751,0.013,2.759,0.013,0.033,0.036
2021-11-05,409.333,413.29,402.667,407.363,407.363,64886400,329.877,361.865,45.878,89.694,38.046,29.81,-0.006,2.714,-0.006,0.031,0.013
2021-11-08,383.263,399.0,377.667,387.647,387.647,100337100,336.06,365.303,42.532,80.78,36.718,31.191,-0.048,2.378,-0.05,0.013,-0.006
2021-11-09,391.2,391.5,337.173,341.167,341.167,177317400,339.69,362.085,37.722,64.951,31.551,31.263,-0.12,1.586,-0.128,0.002,-0.048
2021-11-10,336.803,359.367,329.103,355.983,355.983,128408100,343.971,361.271,32.71,66.736,28.325,30.676,0.043,1.839,0.043,0.004,-0.12
2021-11-11,367.59,368.323,351.56,354.503,354.503,67189800,348.057,360.369,27.235,66.034,25.357,29.612,-0.004,1.813,-0.004,0.0,0.043
2021-11-12,349.167,351.5,339.733,344.473,344.473,76719300,351.23,358.249,26.997,62.363,21.943,28.078,-0.028,1.642,-0.029,-0.006,-0.004
2021-11-15,339.21,343.993,326.2,337.797,337.797,104326800,353.618,355.522,27.158,59.39,18.485,26.159,-0.019,1.529,-0.02,-0.016,-0.028
2021-11-16,334.437,352.4,334.06,351.577,351.577,79627200,356.793,354.996,26.776,61.927,16.664,24.26,0.041,1.764,0.04,-0.009,-0.019
2021-11-17,354.503,373.213,351.833,363.003,363.003,94336200,360.513,356.064,26.639,63.427,15.96,22.6,0.033,1.958,0.032,-0.01,0.041
2021-11-18,368.85,370.667,358.34,365.46,365.46,62696700,363.886,357.317,26.715,62.487,15.421,21.164,0.007,2.0,0.007,-0.01,0.033
2021-11-19,366.29,379.573,364.233,379.02,379.02,64926900,367.675,360.21,25.367,63.61,15.906,20.113,0.037,2.231,0.036,-0.006,0.007
2021-11-22,387.443,400.65,377.477,385.623,385.623,99217500,369.876,363.599,25.1,58.92,16.631,19.416,0.017,2.344,0.017,0.001,0.037
2021-11-23,389.17,393.5,354.233,369.677,369.677,108515100,371.386,364.409,23.114,55.797,15.737,18.68,-0.041,2.072,-0.042,0.008,0.017
2021-11-24,360.13,377.59,354.0,372.0,372.0,67680600,372.688,365.421,19.814,55.081,15.043,17.953,0.006,2.112,0.006,0.005,-0.041
2021-11-26,366.49,369.593,360.333,360.64,360.64,35042700,372.769,364.784,15.707,50.319,13.421,17.047,-0.031,1.918,-0.031,0.002,0.006
2021-11-29,366.997,380.89,366.73,378.997,378.997,58393500,373.152,366.679,14.764,51.47,13.462,16.33,0.051,2.231,0.05,0.01,-0.031
2021-11-30,381.457,389.333,372.667,381.587,381.587,81276000,372.089,368.667,14.447,45.409,13.548,15.773,0.007,2.275,0.007,0.013,0.051
2021-12-01,386.9,390.947,363.587,365.0,365.0,68450400,370.805,368.178,14.247,44.564,12.137,15.046,-0.043,1.992,-0.044,0.004,0.007
2021-12-02,366.353,371.0,352.217,361.533,361.533,73114800,368.651,367.292,13.972,40.451,10.617,14.16,-0.009,1.933,-0.01,0.0,-0.043
2021-12-03,361.597,363.527,333.403,338.323,338.323,92322000,365.069,363.429,14.757,35.287,7.453,12.819,-0.064,1.538,-0.066,-0.007,-0.009
2021-12-06,333.837,340.547,316.833,336.337,336.337,81663000,361.517,359.817,14.967,35.377,4.732,11.201,-0.006,1.504,-0.006,-0.011,-0.064
2021-12-07,348.067,352.557,342.27,350.583,350.583,56084700,359.664,358.586,15.038,42.193,3.682,9.697,0.042,1.747,0.041,-0.009,-0.006
2021-12-08,350.903,357.46,344.333,356.32,356.32,41906400,360.422,358.284,15.206,53.853,3.275,8.413,0.016,1.844,0.016,-0.003,0.042
2021-12-09,353.547,354.163,334.12,334.6,334.6,59438400,359.353,355.126,17.147,44.747,1.186,6.968,-0.061,1.474,-0.063,-0.01,0.016
2021-12-10,336.25,340.327,327.51,339.01,339.01,59664300,358.578,352.977,17.453,46.248,-0.112,5.552,0.013,1.549,0.013,-0.005,-0.061
2021-12-13,333.697,335.0,317.14,322.137,322.137,78595500,357.461,348.865,18.314,44.764,-2.474,3.946,-0.05,1.262,-0.051,-0.016,0.013
2021-12-14,315.0,322.137,310.0,319.503,319.503,70806300,356.546,344.95,20.003,45.629,-4.506,2.256,-0.008,1.217,-0.008,-0.017,-0.05
2021-12-15,317.737,326.25,309.417,325.33,325.33,75169200,355.234,342.334,20.156,43.481,-5.583,0.688,0.018,1.316,0.018,-0.011,-0.008
2021-12-16,331.5,331.66,307.283,308.973,308.973,82771500,352.533,337.886,22.255,36.902,-7.667,-0.983,-0.05,1.038,-0.052,-0.015,0.018
2021-12-17,304.923,320.22,303.013,310.857,310.857,100437300,349.802,334.282,21.487,36.726,-9.062,-2.599,0.006,1.07,0.006,-0.008,-0.05
2021-12-20,303.567,307.23,297.797,299.98,299.98,56480100,345.851,329.708,20.159,30.531,-10.92,-4.263,-0.035,0.884,-0.036,-0.011,0.006
2021-12-21,305.623,313.167,295.373,312.843,312.843,71517900,342.212,327.46,18.646,32.61,-11.225,-5.655,0.043,1.103,0.042,-0.011,-0.035
2021-12-22,321.887,338.553,319.017,336.29,336.29,93634200,340.542,328.637,16.422,42.298,-9.465,-6.417,0.075,1.503,0.072,-0.005,0.043
2021-12-23,335.6,357.66,332.52,355.667,355.667,92713200,339.726,332.241,17.858,46.507,-6.433,-6.42,0.058,1.833,0.056,0.007,0.075
2021-12-27,357.89,372.333,356.907,364.647,364.647,71145900,339.926,336.562,20.183,50.866,-3.268,-5.79,0.025,1.986,0.025,0.008,0.058
2021-12-28,369.83,373.0,359.473,362.823,362.823,60324000,339.117,340.063,21.32,46.237,-0.896,-4.811,-0.005,1.955,-0.005,0.013,0.025
2021-12-29,366.213,368.0,354.713,362.063,362.063,56154000,338.141,342.997,21.871,45.418,0.911,-3.667,-0.002,1.942,-0.002,0.013,-0.005
2021-12-30,353.777,365.183,351.05,356.78,356.78,47040900,337.73,344.834,22.819,47.963,1.896,-2.554,-0.015,1.852,-0.015,0.01,-0.002
2021-12-31,357.813,360.667,351.53,352.26,352.26,40733700,337.266,345.825,23.309,47.714,2.285,-1.586,-0.013,1.775,-0.013,0.014,-0.015
2022-01-03,382.583,400.357,378.68,399.927,399.927,103931400,340.346,353.038,28.662,63.553,6.366,0.004,0.135,2.587,0.127,0.027,-0.013
2022-01-04,396.517,402.667,374.35,383.197,383.197,100248300,342.689,357.059,30.081,59.681,8.157,1.635,-0.042,2.302,-0.043,0.026,0.135
2022-01-05,382.217,390.113,360.337,362.707,362.707,80119800,343.296,357.812,29.847,52.442,7.832,2.874,-0.053,1.953,-0.055,0.016,-0.042
2022-01-06,359.0,362.667,340.167,354.9,354.9,90336600,343.225,357.424,27.7,49.716,6.866,3.672,-0.022,1.82,-0.022,0.007,-0.053
2022-01-07,360.123,360.31,336.667,342.32,342.32,84164700,343.611,355.41,25.364,51.6,5.027,3.943,-0.035,1.606,-0.036,-0.003,-0.022
2022-01-10,333.333,353.033,326.667,352.707,352.707,91815000,344.295,355.05,20.231,52.771,4.357,4.026,0.03,1.783,0.03,-0.002,-0.035
2022-01-11,351.223,358.617,346.273,354.8,354.8,66063300,345.929,355.016,15.795,57.028,3.95,4.011,0.006,1.818,0.006,-0.001,0.03
2022-01-12,359.617,371.613,357.53,368.74,368.74,83739000,348.39,356.846,14.351,60.102,4.698,4.148,0.039,2.056,0.039,0.003,0.006
2022-01-13,369.69,371.867,342.18,343.853,343.853,97209900,349.317,355.114,15.104,53.525,3.245,3.968,-0.067,1.632,-0.07,-0.002,0.039
2022-01-14,339.96,350.667,337.793,349.87,349.87,72924300,351.361,354.415,15.385,58.101,2.55,3.684,0.017,1.734,0.017,0.001,-0.067
2022-01-18,342.203,356.93,338.687,343.503,343.503,66743400,352.994,352.96,16.014,56.354,1.468,3.241,-0.018,1.626,-0.018,-0.014,0.017
2022-01-19,347.237,351.557,331.667,331.883,331.883,75442500,354.589,350.15,17.545,56.192,-0.323,2.528,-0.034,1.428,-0.034,-0.014,-0.018
2022-01-20,336.577,347.22,331.333,332.09,332.09,70488600,355.551,347.742,18.763,53.928,-1.706,1.681,0.001,1.431,0.001,-0.008,-0.034
2022-01-21,332.113,334.85,313.5,314.633,314.633,103416000,354.468,343.327,21.684,45.469,-4.163,0.513,-0.053,1.134,-0.054,-0.011,0.001
2022-01-24,301.587,311.17,283.823,310.0,310.0,151565700,352.185,338.884,19.794,39.818,-6.41,-0.872,-0.015,1.055,-0.015,-0.009,-0.053
2022-01-25,304.733,317.087,301.07,306.133,306.133,86595900,349.259,334.517,19.391,36.649,-8.405,-2.379,-0.012,0.989,-0.013,-0.014,-0.015
2022-01-26,317.477,329.23,302.0,312.47,312.47,104867400,346.742,331.577,19.628,38.743,-9.368,-3.776,0.021,1.097,0.02,-0.012,-0.012
2022-01-27,311.12,311.797,276.333,276.367,276.367,147109500,342.457,324.216,24.687,33.456,-12.895,-5.6,-0.116,0.482,-0.123,-0.028,0.021
2022-01-28,277.187,285.833,264.003,282.117,282.117,134789100,338.724,318.603,27.696,35.612,-15.053,-7.491,0.021,0.58,0.021,-0.019,-0.116
2022-01-31,290.903,312.663,287.35,312.24,312.24,104436000,336.723,317.754,26.917,42.98,-14.169,-8.826,0.107,1.093,0.101,-0.01,0.021
2022-02-01,311.737,314.567,301.667,310.417,310.417,73138200,332.247,316.776,25.617,31.291,-13.461,-9.753,-0.006,1.062,-0.006,-0.009,0.107
2022-02-02,309.393,310.5,296.47,301.887,301.887,66792900,328.182,314.791,22.015,32.402,-13.433,-10.489,-0.027,0.917,-0.028,-0.008,-0.006
2022-02-03,294.0,312.333,293.507,297.047,297.047,78855600,324.899,312.425,21.033,34.756,-13.644,-11.12,-0.016,0.834,-0.016,-0.01,-0.027
2022-02-04,299.073,312.167,293.723,307.773,307.773,73625400,322.542,311.805,18.153,39.205,-12.798,-11.456,0.036,1.017,0.035,-0.001,-0.016
2022-02-07,307.93,315.923,300.903,302.447,302.447,60994500,320.549,310.557,15.417,40.553,-12.414,-11.647,-0.017,0.926,-0.017,-0.001,0.036
2022-02-08,301.843,308.763,298.267,307.333,307.333,50729100,318.28,310.127,13.661,38.962,-11.583,-11.634,0.016,1.01,0.016,0.002,-0.017
2022-02-09,311.667,315.423,306.667,310.667,310.667,52259400,316.073,310.199,11.437,39.328,-10.533,-11.414,0.011,1.066,0.011,0.001,0.016
2022-02-10,302.79,314.603,298.9,301.517,301.517,66126900,312.712,309.041,11.0,33.359,-10.32,-11.195,-0.029,0.91,-0.03,0.009,0.011
2022-02-11,303.21,305.32,283.567,286.667,286.667,79645800,309.853,306.058,11.569,35.104,-11.221,-11.2,-0.049,0.657,-0.051,0.002,-0.029
2022-02-14,287.19,299.627,284.383,291.92,291.92,67756500,306.955,304.173,11.714,34.844,-11.38,-11.236,0.018,0.747,0.018,-0.006,-0.049
2022-02-15,300.0,307.667,297.793,307.477,307.477,57286200,305.154,304.613,11.378,41.01,-10.133,-11.016,0.053,1.012,0.052,-0.0,0.018
2022-02-16,304.683,308.81,300.403,307.797,307.797,51294300,303.95,305.038,9.336,43.63,-9.016,-10.616,0.001,1.017,0.001,0.002,0.053
2022-02-17,304.42,306.167,291.367,292.117,292.117,55178400,301.951,303.315,7.987,40.229,-9.288,-10.35,-0.051,0.75,-0.052,-0.001,0.001
2022-02-18,295.333,295.623,279.203,285.66,285.66,68501700,300.502,300.961,8.666,42.515,-9.911,-10.262,-0.022,0.64,-0.022,-0.007,-0.051
2022-02-22,278.043,285.577,267.033,273.843,273.843,83288100,298.695,297.345,10.786,40.994,-11.228,-10.456,-0.041,0.439,-0.042,-0.009,-0.022
2022-02-23,276.81,278.433,253.52,254.68,254.68,95256900,296.122,291.657,15.761,38.091,-13.661,-11.097,-0.07,0.112,-0.073,-0.018,-0.041
2022-02-24,233.463,267.493,233.333,266.923,266.923,135322200,293.845,288.359,17.399,39.739,-14.435,-11.764,0.048,0.321,0.047,-0.014,-0.07
2022-02-25,269.743,273.167,260.8,269.957,269.957,76067700,293.524,285.905,17.798,48.303,-14.635,-12.339,0.011,0.373,0.011,-0.01,0.048
2022-02-28,271.67,292.287,271.57,290.143,290.143,99006900,293.925,286.47,17.433,51.974,-13.015,-12.474,0.075,0.717,0.072,0.002,0.011
2022-03-01,289.893,296.627,284.593,288.123,288.123,74766900,292.72,286.691,16.62,43.117,-11.758,-12.331,-0.007,0.682,-0.007,-0.0,0.075
2022-03-02,290.71,295.493,281.423,293.297,293.297,74643300,291.864,287.572,15.373,45.206,-10.226,-11.91,0.018,0.77,0.018,-0.004,-0.007
2022-03-03,292.923,295.48,277.533,279.763,279.763,61623600,290.757,286.53,14.821,43.973,-9.99,-11.526,-0.046,0.54,-0.047,-0.009,0.018
2022-03-04,283.033,285.217,275.053,279.43,279.43,66999600,289.877,285.584,14.88,45.08,-9.717,-11.164,-0.001,0.534,-0.001,-0.004,-0.046
2022-03-07,285.433,288.713,268.19,268.193,268.193,72494100,287.898,283.265,15.299,38.978,-10.289,-10.989,-0.04,0.343,-0.041,-0.005,-0.001
2022-03-08,265.177,283.33,260.723,274.8,274.8,80399100,286.515,282.136,13.625,42.356,-10.093,-10.81,0.025,0.455,0.024,0.001,-0.04
2022-03-09,279.827,286.853,277.337,286.323,286.323,59184000,285.465,282.695,11.307,44.396,-8.905,-10.429,0.042,0.652,0.041,0.012,0.025
2022-03-10,283.817,284.817,270.12,279.433,279.433,58648500,283.903,282.26,10.648,41.825,-8.422,-10.027,-0.024,0.534,-0.024,0.005,0.042
2022-03-11,280.067,281.267,264.59,265.117,265.117,67037100,282.083,279.974,10.908,40.723,-9.09,-9.84,-0.051,0.29,-0.053,-0.001,-0.024
2022-03-14,260.203,266.9,252.013,255.457,255.457,71152200,280.523,276.705,12.266,41.83,-10.28,-9.928,-0.036,0.126,-0.037,-0.012,-0.051
2022-03-15,258.423,268.523,252.19,267.297,267.297,66841200,279.291,275.451,11.052,43.769,-10.151,-9.973,0.046,0.327,0.045,-0.007,-0.036
2022-03-16,269.667,280.667,267.42,280.077,280.077,84028800,277.921,276.067,10.775,42.968,-8.915,-9.761,0.048,0.545,0.047,-0.004,0.046
2022-03-17,276.997,291.667,275.24,290.533,290.533,66582900,277.058,277.996,11.144,45.788,-7.011,-9.211,0.037,0.723,0.037,0.004,0.048
2022-03-18,291.497,302.617,289.13,301.797,301.797,100414200,277.542,281.17,12.445,52.414,-4.54,-8.277,0.039,0.915,0.038,0.008,0.037
2022-03-21,304.993,314.283,302.363,307.053,307.053,81981600,278.612,284.621,14.363,55.366,-2.134,-7.048,0.017,1.005,0.017,0.014,0.039
2022-03-22,310.0,332.62,307.25,331.327,331.327,105868500,281.486,290.848,19.591,63.571,1.712,-5.296,0.079,1.418,0.076,0.02,0.017
2022-03-23,326.647,346.9,325.467,333.037,333.037,120676200,285.404,296.473,23.608,70.16,4.843,-3.268,0.005,1.448,0.005,0.016,0.079
2022-03-24,336.577,341.497,329.6,337.973,337.973,68920800,288.956,302.007,27.069,68.994,7.634,-1.088,0.015,1.532,0.015,0.02,0.005
2022-03-25,336.0,340.6,332.44,336.88,336.88,62031600,292.303,306.656,28.73,68.079,9.646,1.059,-0.003,1.513,-0.003,0.025,0.015
2022-03-28,355.033,365.96,351.2,363.947,363.947,102506100,295.993,314.295,33.155,69.223,13.272,3.501,0.08,1.974,0.077,0.036,-0.003
2022-03-29,369.33,371.59,357.703,366.523,366.523,73614900,299.913,321.259,36.851,70.361,16.167,6.035,0.007,2.018,0.007,0.032,0.08
2022-03-30,363.723,371.317,361.333,364.663,364.663,59865000,303.481,327.046,38.705,68.859,18.103,8.448,-0.005,1.987,-0.005,0.027,0.007
2022-03-31,364.857,367.713,358.88,359.2,359.2,48992700,307.453,331.333,37.642,71.926,18.978,10.554,-0.015,1.893,-0.015,0.022,-0.005
2022-04-01,360.383,364.917,355.547,361.53,361.53,54263100,311.558,335.36,33.896,72.415,19.632,12.37,0.006,1.933,0.006,0.019,-0.015
2022-04-04,363.127,383.303,357.51,381.817,381.817,82035900,317.239,341.554,31.684,79.56,21.54,14.204,0.056,2.279,0.055,0.023,0.006
2022-04-05,378.767,384.29,362.433,363.753,363.753,80075100,321.687,344.514,27.798,71.84,21.348,15.633,-0.047,1.971,-0.048,0.01,0.056
2022-04-06,357.823,359.667,342.567,348.587,348.587,89348400,324.8,345.057,23.369,65.018,19.744,16.455,-0.042,1.713,-0.043,0.005,-0.047
2022-04-07,350.797,358.863,340.513,352.42,352.42,79447200,328.449,346.039,19.418,67.868,18.569,16.878,0.011,1.778,0.011,0.005,-0.042
2022-04-08,347.737,349.48,340.813,341.83,341.83,55013700,332.285,345.477,15.177,69.13,16.591,16.82,-0.03,1.597,-0.031,0.002,0.011
2022-04-11,326.8,336.157,324.88,325.31,325.31,59357100,335.778,342.788,15.908,66.843,13.535,16.163,-0.048,1.316,-0.05,-0.011,-0.03
2022-04-12,332.547,340.397,325.533,328.983,328.983,65976000,338.862,340.948,16.325,65.484,11.28,15.187,0.011,1.379,0.011,-0.01,-0.048
2022-04-13,327.027,342.08,324.367,340.79,340.79,55121100,341.898,340.927,16.15,65.314,10.326,14.214,0.036,1.58,0.035,-0.006,0.011
2022-04-14,333.097,337.57,327.397,328.333,328.333,58422300,343.788,339.248,16.932,59.439,8.467,13.065,-0.037,1.367,-0.037,-0.008,0.036
2022-04-18,329.677,338.307,324.47,334.763,334.763,51715200,345.436,338.65,17.14,58.436,7.427,11.937,0.02,1.477,0.019,-0.007,-0.037
2022-04-19,335.02,344.98,331.777,342.717,342.717,49847700,347.219,339.192,16.534,59.002,7.162,10.982,0.024,1.613,0.023,-0.01,0.02
2022-04-20,343.333,344.667,325.083,325.733,325.733,70711200,346.94,337.397,16.822,48.534,5.518,9.89,-0.05,1.323,-0.051,-0.01,0.024
2022-04-21,358.243,364.073,332.14,336.26,336.26,105416400,347.101,337.246,16.489,50.807,5.007,8.913,0.032,1.503,0.032,-0.003,-0.05
2022-04-22,338.303,344.95,331.333,335.017,335.017,69696600,346.953,336.949,15.801,49.245,4.45,8.021,-0.004,1.481,-0.004,-0.005,0.032
2022-04-25,326.323,336.207,325.1,332.673,332.673,68341200,346.743,336.379,10.965,48.933,3.777,7.172,-0.007,1.441,-0.007,-0.002,-0.004
2022-04-26,331.81,333.333,291.667,292.14,292.14,136133700,343.152,330.48,14.384,32.955,-0.028,5.732,-0.122,0.751,-0.13,-0.01,-0.007
2022-04-27,299.527,306.0,292.453,293.837,293.837,76956300,339.518,325.594,17.084,32.674,-2.873,4.011,0.006,0.78,0.006,-0.01,-0.122
2022-04-28,299.993,300.0,273.9,292.503,292.503,124948500,335.91,321.182,18.318,32.756,-5.175,2.174,-0.005,0.757,-0.005,-0.014,0.006
2022-04-29,300.75,311.467,290.0,290.253,290.253,88133100,332.463,317.058,19.812,33.267,-7.1,0.319,-0.008,0.719,-0.008,-0.011,-0.005
2022-05-02,286.923,302.12,282.677,300.98,300.98,75781500,329.435,314.915,20.496,35.88,-7.671,-1.279,0.037,0.901,0.036,-0.01,-0.008
2022-05-03,301.06,308.027,296.197,303.083,303.083,63709500,325.498,313.337,20.756,29.939,-7.863,-2.596,0.007,0.937,0.007,-0.011,0.037
2022-05-04,301.313,318.5,295.093,317.54,317.54,81643800,323.188,313.897,19.676,38.004,-6.771,-3.431,0.048,1.184,0.047,-0.001,0.007
2022-05-05,313.007,315.2,285.9,291.093,291.093,92519100,320.313,310.857,20.403,35.902,-7.948,-4.334,-0.083,0.733,-0.087,-0.013,0.048
2022-05-06,295.667,296.0,281.037,288.55,288.55,72903000,317.12,307.883,20.432,34.239,-8.983,-5.264,-0.009,0.69,-0.009,-0.014,-0.083
2022-05-09,278.817,281.877,260.383,262.37,262.37,90810300,313.147,301.814,21.823,31.792,-11.779,-6.567,-0.091,0.243,-0.095,-0.022,-0.009
2022-05-10,273.103,275.12,258.083,266.68,266.68,84401700,310.215,297.13,23.061,35.769,-13.492,-7.952,0.016,0.317,0.016,-0.008,-0.091
2022-05-11,265.0,269.923,242.4,244.667,244.667,97224600,305.999,290.135,24.962,31.208,-16.436,-9.649,-0.083,-0.058,-0.086,-0.017,0.016
2022-05-12,233.667,253.22,226.667,242.667,242.667,140313000,301.093,283.806,25.394,27.131,-18.715,-11.462,-0.008,-0.092,-0.008,-0.017,-0.083
2022-05-13,257.827,262.45,250.523,256.53,256.53,92150700,297.503,280.169,22.909,33.374,-19.182,-13.006,0.057,0.144,0.056,-0.011,-0.008
2022-05-16,255.72,256.587,239.697,241.457,241.457,86098500,292.838,275.007,25.028,29.226,-20.531,-14.511,-0.059,-0.113,-0.061,-0.02,0.057
2022-05-17,249.12,254.827,242.95,253.87,253.87,80236200,288.395,272.189,25.361,30.605,-20.364,-15.682,0.051,0.099,0.05,-0.016,-0.059
2022-05-18,248.173,253.5,233.603,236.603,236.603,87811800,283.939,267.444,26.782,30.567,-21.378,-16.821,-0.068,-0.196,-0.07,-0.028,0.051
2022-05-19,235.667,244.667,231.37,236.473,236.473,90296700,278.949,263.315,27.675,27.21,-21.94,-17.845,-0.001,-0.198,-0.001,-0.019,-0.068
2022-05-20,237.997,240.527,211.0,221.3,221.3,144973200,273.264,257.713,28.406,25.582,-23.34,-18.944,-0.064,-0.456,-0.066,-0.025,-0.001
2022-05-23,218.34,226.653,212.687,224.967,224.967,88903500,267.878,253.347,27.288,27.003,-23.879,-19.931,0.017,-0.394,0.016,-0.014,-0.064
2022-05-24,217.843,217.973,206.857,209.387,209.387,89092500,263.74,247.485,23.602,30.224,-25.271,-20.999,-0.069,-0.659,-0.072,-0.023,0.017
2022-05-25,207.95,223.107,207.67,219.6,219.6,92139300,260.029,243.767,21.256,32.953,-25.26,-21.851,0.049,-0.485,0.048,-0.01,-0.069
2022-05-26,220.473,239.557,217.887,235.91,235.91,106003200,257.199,242.72,16.812,37.841,-23.662,-22.213,0.074,-0.207,0.072,-0.001,0.049
2022-05-27,241.083,253.267,240.177,253.21,253.21,89295000,255.347,244.118,16.012,42.525,-20.76,-21.923,0.073,0.087,0.071,0.0,0.074
2022-05-31,257.947,259.6,244.743,252.753,252.753,101914500,252.935,245.27,14.509,39.847,-18.287,-21.195,-0.002,0.08,-0.002,0.006,0.073
2022-06-01,251.72,257.327,243.64,246.79,246.79,77247900,250.121,245.472,14.597,38.338,-16.616,-20.279,-0.024,-0.022,-0.024,-0.001,-0.002
2022-06-02,244.157,264.21,242.067,258.333,258.333,93473100,247.16,247.187,15.554,37.585,-14.197,-19.063,0.047,0.175,0.046,0.01,-0.024
2022-06-03,243.227,247.797,233.417,234.517,234.517,112393800,244.332,245.498,14.747,38.004,-14.04,-18.058,-0.092,-0.231,-0.097,0.001,0.047
2022-06-06,244.353,244.867,234.35,238.28,238.28,84204600,241.818,244.535,14.706,39.396,-13.456,-17.138,0.016,-0.167,0.016,0.009,-0.092
2022-06-07,234.0,239.997,230.093,238.887,238.887,72808500,240.644,243.782,13.931,44.447,-12.797,-16.27,0.003,-0.157,0.003,0.007,0.016
2022-06-08,240.087,249.963,239.177,241.867,241.867,76210500,239.403,243.527,14.013,44.096,-11.898,-15.395,0.012,-0.106,0.012,0.016,0.003
2022-06-09,249.34,255.547,239.327,239.707,239.707,96491400,239.155,243.017,14.037,48.697,-11.229,-14.562,-0.009,-0.143,-0.009,0.01,0.012
2022-06-10,235.157,239.5,227.913,232.23,232.23,97536600,238.633,241.579,13.397,47.334,-11.174,-13.885,-0.031,-0.27,-0.032,-0.001,-0.009
2022-06-13,223.167,226.633,214.683,215.737,215.737,102767400,236.594,238.133,14.265,39.719,-12.32,-13.572,-0.071,-0.551,-0.074,-0.015,-0.031
2022-06-14,218.287,226.33,211.737,220.89,220.89,97988700,235.565,235.834,12.814,44.544,-12.665,-13.39,0.024,-0.463,0.024,-0.013,-0.071
2022-06-15,220.917,235.663,218.15,233.0,233.0,119131800,234.522,235.456,11.814,44.454,-11.826,-13.078,0.055,-0.257,0.053,-0.005,0.024
2022-06-16,222.737,225.167,208.693,213.1,213.1,107390700,233.347,232.476,13.66,43.841,-12.621,-12.986,-0.085,-0.596,-0.089,-0.018,0.055
2022-06-17,213.433,220.97,213.197,216.76,216.76,92641800,232.361,230.38,13.825,44.928,-12.808,-12.951,0.017,-0.534,0.017,-0.007,-0.085
2022-06-21,224.603,243.577,224.333,237.037,237.037,122793000,233.148,231.268,12.83,53.945,-11.191,-12.599,0.094,-0.188,0.089,0.001,0.017
2022-06-22,234.503,246.833,233.827,236.087,236.087,101107500,233.704,231.91,12.275,52.826,-9.873,-12.053,-0.004,-0.204,-0.004,0.0,0.094
2022-06-23,237.907,239.317,228.637,235.07,235.07,104202600,234.988,232.332,9.861,57.05,-8.808,-11.404,-0.004,-0.222,-0.004,-0.002,-0.004
2022-06-24,237.47,246.067,236.087,245.707,245.707,95770800,236.294,234.115,10.599,57.15,-7.025,-10.529,0.045,-0.041,0.044,0.004,-0.004
2022-06-27,249.367,252.07,242.567,244.92,244.92,89178300,236.744,235.556,11.053,52.697,-5.611,-9.545,-0.003,-0.054,-0.003,0.007,0.045
2022-06-28,244.483,249.97,232.343,232.663,232.663,90391200,235.717,235.17,10.888,43.659,-5.417,-8.719,-0.05,-0.263,-0.051,0.009,-0.003
2022-06-29,230.5,231.173,222.273,228.49,228.49,82897200,234.504,234.279,10.514,42.68,-5.536,-8.083,-0.018,-0.334,-0.018,0.005,-0.05
2022-06-30,224.51,229.457,218.863,224.473,224.473,94600500,233.388,232.972,10.31,43.187,-5.887,-7.644,-0.018,-0.402,-0.018,-0.003,-0.018
2022-07-01,227.0,230.23,222.12,227.263,227.263,74460300,231.834,232.211,10.302,39.979,-5.872,-7.289,0.012,-0.355,0.012,0.007,-0.018
2022-07-05,223.0,233.147,216.167,233.067,233.067,84581100,231.762,232.325,9.552,49.471,-5.33,-6.897,0.026,-0.256,0.025,0.008,0.012
2022-07-06,230.78,234.563,227.187,231.733,231.733,71853600,231.434,232.246,9.134,47.568,-4.951,-6.508,-0.006,-0.279,-0.006,-0.002,0.026
2022-07-07,233.92,245.363,232.21,244.543,244.543,81930600,231.717,233.886,9.788,51.927,-3.576,-5.922,0.055,-0.06,0.054,0.004,-0.006
2022-07-08,242.333,254.98,241.16,250.763,250.763,101854200,232.162,236.136,9.296,52.965,-1.962,-5.13,0.025,0.046,0.025,0.007,0.055
2022-07-11,252.103,253.063,233.627,234.343,234.343,99241200,231.894,235.897,7.709,48.368,-1.985,-4.501,-0.065,-0.234,-0.068,-0.004,0.025
2022-07-12,236.847,239.773,228.37,233.07,233.07,87930900,231.936,235.52,7.747,50.266,-2.082,-4.017,-0.005,-0.256,-0.005,-0.004,-0.065
2022-07-13,225.5,242.06,225.033,237.04,237.04,97954500,233.001,235.723,7.753,57.318,-1.817,-3.577,0.017,-0.188,0.017,0.002,-0.005
2022-07-14,234.897,238.653,229.333,238.313,238.313,78557400,233.872,236.068,7.774,56.149,-1.488,-3.159,0.005,-0.167,0.005,0.005,0.017
2022-07-15,240.0,243.623,236.89,240.067,240.067,69683100,234.226,236.601,7.378,52.691,-1.073,-2.742,0.007,-0.137,0.007,0.007,0.005
2022-07-18,244.937,250.517,239.603,240.547,240.547,82537500,235.598,237.127,7.045,62.264,-0.697,-2.333,0.002,-0.128,0.002,0.006,0.007
2022-07-19,245.0,247.14,236.977,245.53,245.53,80890200,237.036,238.248,7.479,62.705,0.003,-1.866,0.021,-0.044,0.021,0.006,0.002
2022-07-20,246.783,250.663,243.483,247.5,247.5,88864200,237.56,239.481,7.661,55.512,0.708,-1.351,0.008,-0.01,0.008,0.007,0.021
2022-07-21,255.107,273.267,254.867,271.707,271.707,142032300,239.341,243.778,11.032,65.071,3.184,-0.444,0.098,0.403,0.093,0.011,0.008
2022-07-22,276.22,280.787,270.713,272.243,272.243,103472700,241.199,247.573,13.054,65.792,5.13,0.671,0.002,0.412,0.002,0.009,0.098
2022-07-25,272.217,274.147,267.4,268.433,268.433,64073400,242.336,250.355,14.09,60.25,6.292,1.795,-0.014,0.347,-0.014,0.014,0.002
2022-07-26,266.513,267.31,256.263,258.86,258.86,66820800,243.032,251.489,13.712,55.825,6.368,2.71,-0.036,0.184,-0.036,0.011,-0.014
2022-07-27,263.81,275.927,261.79,274.82,274.82,88110000,245.14,254.6,15.289,67.087,7.627,3.693,0.062,0.456,0.06,0.016,-0.036
2022-07-28,280.067,283.3,272.8,280.9,280.9,84723000,247.761,258.106,17.257,70.92,9.012,4.757,0.022,0.559,0.022,0.017,0.062
2022-07-29,280.7,298.32,279.1,297.15,297.15,95313000,251.395,263.312,19.958,76.429,11.291,6.064,0.058,0.836,0.056,0.022,0.022
2022-08-01,301.277,311.877,295.0,297.277,297.277,117042900,254.895,267.841,21.228,75.963,12.957,7.442,0.0,0.838,0.0,0.022,0.058
2022-08-02,294.003,307.833,292.667,300.587,300.587,95577600,258.271,272.207,22.213,75.51,14.38,8.83,0.011,0.895,0.011,0.021,0.0
2022-08-03,305.0,309.55,301.15,307.397,307.397,80091000,262.054,276.899,23.076,77.451,15.873,10.239,0.023,1.011,0.022,0.023,0.011
2022-08-04,311.0,313.607,305.0,308.633,308.633,72256200,265.259,281.13,23.135,75.384,16.961,11.583,0.004,1.032,0.004,0.013,0.023
2022-08-05,302.67,304.607,285.543,288.17,288.17,113172900,267.129,282.069,20.82,63.313,15.988,12.464,-0.066,0.683,-0.069,0.006,0.004
2022-08-08,295.0,305.2,289.087,290.423,290.423,98994000,269.933,283.183,18.433,72.198,15.223,13.016,0.008,0.721,0.008,0.009,-0.066
2022-08-09,290.293,292.397,279.353,283.333,283.333,86244600,272.447,283.203,15.328,69.019,13.885,13.19,-0.024,0.601,-0.025,0.01,0.008
2022-08-10,297.067,297.51,283.37,294.357,294.357,94918800,275.312,284.69,14.926,70.589,13.557,13.263,0.039,0.788,0.038,0.007,-0.024
2022-08-11,296.513,298.237,285.833,286.63,286.63,70155000,277.728,284.949,14.29,66.587,12.53,13.116,-0.026,0.657,-0.027,0.003,0.039
2022-08-12,289.417,300.16,285.033,300.03,300.03,79657200,280.726,286.959,13.366,69.061,12.651,13.023,0.047,0.885,0.046,0.001,-0.026
2022-08-15,301.787,313.133,301.23,309.32,309.32,89359200,284.165,289.941,10.679,70.702,13.343,13.087,0.031,1.043,0.03,0.005,0.047
2022-08-16,311.667,314.667,302.883,306.563,306.563,88136400,287.217,292.157,9.555,68.622,13.513,13.172,-0.009,0.996,-0.009,0.003,0.031
2022-08-17,303.397,309.657,300.033,303.997,303.997,68766000,290.042,293.736,8.604,67.175,13.287,13.195,-0.008,0.953,-0.008,-0.001,-0.009
2022-08-18,306.0,306.5,301.853,302.87,302.87,47500500,291.6,294.954,8.689,61.02,12.869,13.13,-0.004,0.934,-0.004,-0.001,-0.008
2022-08-19,299.0,300.36,292.5,296.667,296.667,61395300,292.821,295.182,8.697,58.304,11.9,12.884,-0.02,0.828,-0.021,0.003,-0.004
2022-08-22,291.913,292.4,286.297,289.913,289.913,55843200,293.895,294.48,8.964,57.16,10.467,12.401,-0.023,0.713,-0.023,0.0,-0.02
2022-08-23,291.453,298.827,287.923,296.453,296.453,63984900,295.775,294.743,8.523,62.79,9.746,11.87,0.023,0.824,0.022,0.005,-0.023
2022-08-24,297.563,303.647,296.5,297.097,297.097,57259800,296.888,295.057,7.837,58.461,9.122,11.32,0.002,0.835,0.002,0.001,0.023
2022-08-25,302.36,302.96,291.6,296.07,296.07,53230000,297.647,295.192,7.497,55.991,8.447,10.746,-0.003,0.818,-0.003,0.003,0.002
2022-08-26,297.43,302.0,287.47,288.09,288.09,57163900,297.194,294.245,7.671,46.172,7.185,10.033,-0.027,0.682,-0.027,-0.004,-0.003
2022-08-29,282.83,287.74,280.7,284.82,284.82,41864700,296.571,292.988,7.482,44.873,5.854,9.197,-0.011,0.626,-0.011,-0.008,-0.027
2022-08-30,287.87,288.48,272.65,277.7,277.7,50541800,295.427,290.95,9.035,40.866,4.176,8.193,-0.025,0.505,-0.025,-0.01,-0.011
2022-08-31,280.62,281.25,271.81,275.61,275.61,52107300,293.837,288.904,10.259,36.817,2.647,7.084,-0.008,0.469,-0.008,-0.01,-0.025
2022-09-01,272.58,277.58,266.15,277.16,277.16,54287000,292.264,287.339,11.122,36.981,1.543,5.976,0.006,0.495,0.006,-0.009,-0.008
2022-09-02,281.07,282.35,269.08,270.21,270.21,50890100,291.366,285.055,11.615,41.636,0.106,4.802,-0.025,0.377,-0.025,-0.009,0.006
2022-09-06,272.68,275.99,265.74,274.42,274.42,55860000,290.566,283.637,11.311,42.68,-0.685,3.704,0.016,0.449,0.015,-0.005,-0.025
2022-09-07,273.1,283.84,272.27,283.7,283.7,50028900,290.584,283.645,10.354,50.164,-0.557,2.852,0.034,0.607,0.033,-0.004,0.016
2022-09-08,281.3,289.5,279.76,289.26,289.26,53713100,290.329,284.394,9.28,47.597,-0.007,2.28,0.02,0.702,0.019,-0.002,0.034
2022-09-09,291.67,299.85,291.25,299.68,299.68,54338100,290.982,286.432,9.589,56.001,1.255,2.075,0.036,0.879,0.035,0.001,0.02
2022-09-12,300.72,305.49,300.4,304.42,304.42,48674600,291.201,288.83,10.785,52.193,2.608,2.182,0.016,0.96,0.016,0.006,0.036
2022-09-13,292.9,297.4,290.4,292.13,292.13,68229600,290.342,289.27,10.546,41.662,2.658,2.277,-0.04,0.751,-0.041,0.003,0.016
2022-09-14,292.24,306.0,291.64,302.61,302.61,72628700,290.144,291.049,11.064,48.216,3.503,2.522,0.036,0.929,0.035,0.009,-0.04
2022-09-15,301.83,309.12,300.72,303.75,303.75,64795500,290.132,292.742,11.727,49.887,4.216,2.861,0.004,0.949,0.004,0.01,0.036
2022-09-16,299.61,303.71,295.6,303.35,303.35,87087800,290.156,294.157,12.481,50.221,4.694,3.228,-0.001,0.942,-0.001,0.009,0.004
2022-09-19,300.09,309.84,297.8,309.07,309.07,60231200,290.776,296.145,13.568,55.734,5.472,3.676,0.019,1.039,0.019,0.014,-0.001
2022-09-20,306.91,313.33,305.58,308.73,308.73,61642800,291.717,297.823,13.896,59.247,5.992,4.139,-0.001,1.033,-0.001,0.012,0.019
2022-09-21,308.29,313.8,300.63,300.8,300.8,62555700,291.934,298.22,13.162,52.107,5.698,4.451,-0.026,0.898,-0.026,0.006,-0.001
2022-09-22,299.86,301.29,285.82,288.59,288.59,70545400,291.509,296.936,12.351,46.292,4.429,4.447,-0.041,0.69,-0.041,0.0,-0.026
2022-09-23,283.09,284.5,272.82,275.33,275.33,63748400,290.472,294.055,11.612,41.831,2.327,4.023,-0.046,0.464,-0.047,-0.008,-0.041
2022-09-26,271.83,284.09,270.31,276.01,276.01,58076900,289.868,291.649,11.397,44.952,0.707,3.36,0.002,0.476,0.002,-0.009,-0.046
2022-09-27,283.84,288.67,277.51,282.94,282.94,61925200,289.774,290.488,11.459,49.238,-0.017,2.684,0.025,0.594,0.025,-0.003,0.002
2022-09-28,283.08,289.0,277.57,287.81,287.81,54664800,290.279,290.131,11.526,54.176,-0.195,2.108,0.017,0.677,0.017,-0.005,0.025
2022-09-29,282.76,283.65,265.78,268.21,268.21,77620600,289.909,287.208,13.518,47.33,-1.897,1.307,-0.068,0.343,-0.071,-0.012,0.017
2022-09-30,266.15,275.57,262.47,265.25,265.25,67726600,289.314,284.28,14.975,45.746,-3.444,0.357,-0.011,0.292,-0.011,-0.013,-0.068
2022-10-03,254.5,255.16,241.01,242.4,242.4,98363500,287.923,278.696,19.675,41.079,-6.44,-1.002,-0.086,-0.097,-0.09,-0.023,-0.011
2022-10-04,250.52,257.5,242.01,249.44,249.44,109578500,286.674,274.795,21.436,42.13,-8.152,-2.432,0.029,0.023,0.029,-0.02,-0.086
2022-10-05,245.01,246.67,233.27,240.81,240.81,86982700,284.529,270.264,23.267,36.432,-10.089,-3.964,-0.035,-0.124,-0.035,-0.021,0.029
2022-10-06,239.44,244.58,235.35,238.13,238.13,69298400,281.973,265.98,24.406,33.525,-11.706,-5.512,-0.011,-0.17,-0.011,-0.018,-0.035
2022-10-07,233.94,234.57,222.02,223.07,223.07,83916800,278.143,260.258,25.643,26.031,-14.04,-7.218,-0.063,-0.426,-0.065,-0.02,-0.011
2022-10-10,223.93,226.99,218.36,222.96,222.96,67925000,274.069,255.285,25.325,23.753,-15.718,-8.918,-0.0,-0.428,-0.0,-0.02,-0.063
2022-10-11,220.95,225.75,215.0,216.5,216.5,77013200,270.288,250.114,25.298,24.68,-17.368,-10.608,-0.029,-0.538,-0.029,-0.026,-0.0
2022-10-12,215.33,219.3,211.51,217.24,217.24,66860700,266.02,245.731,25.313,19.426,-18.405,-12.167,0.003,-0.526,0.003,-0.027,-0.029
2022-10-13,208.3,222.99,206.22,221.72,221.72,91483000,261.918,242.529,25.312,21.308,-18.649,-13.464,0.021,-0.449,0.02,-0.018,0.003
2022-10-14,224.01,226.26,204.16,204.99,204.99,94124500,257.0,237.524,26.071,19.124,-19.963,-14.764,-0.075,-0.734,-0.078,-0.025,0.021
2022-10-17,210.04,221.86,209.45,219.35,219.35,79428800,252.514,235.101,23.737,23.285,-19.62,-15.735,0.07,-0.49,0.068,-0.009,-0.075
2022-10-18,229.5,229.82,217.25,220.19,220.19,75891900,248.087,233.113,19.01,23.715,-19.06,-16.4,0.004,-0.475,0.004,-0.012,0.07
2022-10-19,219.8,222.93,217.78,222.04,222.04,66571500,244.149,231.636,16.05,25.742,-18.256,-16.771,0.008,-0.444,0.008,-0.007,0.004
2022-10-20,208.28,215.55,202.0,207.28,207.28,117798100,240.084,228.389,13.158,25.344,-18.596,-17.136,-0.066,-0.695,-0.069,-0.013,0.008
2022-10-21,206.42,214.66,203.8,214.44,214.44,75713800,237.039,226.529,12.367,30.827,-18.08,-17.325,0.035,-0.573,0.034,-0.003,-0.066
2022-10-24,205.82,213.5,198.59,211.25,211.25,100446800,233.801,224.492,10.008,29.926,-17.723,-17.404,-0.015,-0.628,-0.015,-0.004,0.035
2022-10-25,210.1,224.35,210.0,222.42,222.42,96507900,230.775,224.216,8.089,31.72,-16.351,-17.194,0.053,-0.437,0.052,0.004,-0.015
2022-10-26,219.4,230.6,218.2,224.64,224.64,85012500,227.617,224.272,6.17,30.61,-14.912,-16.737,0.01,-0.4,0.01,0.004,0.053
2022-10-27,229.77,233.81,222.85,225.09,225.09,61638800,225.461,224.381,6.326,35.001,-13.579,-16.106,0.002,-0.392,0.002,0.002,0.01
2022-10-28,225.4,228.86,216.35,228.52,228.52,69152400,223.624,224.933,6.825,37.265,-12.107,-15.306,0.015,-0.333,0.015,0.012,0.002
2022-10-31,226.19,229.85,221.94,227.54,227.54,61554300,222.881,225.281,7.232,43.927,-10.893,-14.423,-0.004,-0.35,-0.004,0.004,0.015
2022-11-01,234.05,237.4,227.28,227.82,227.82,62688800,221.8,225.619,7.573,40.647,-9.796,-13.498,0.001,-0.345,0.001,0.004,-0.004
2022-11-02,226.04,227.87,214.82,214.98,214.98,63070300,220.509,224.201,7.656,39.219,-9.849,-12.768,-0.056,-0.564,-0.058,-0.003,0.001
2022-11-03,211.36,221.2,210.14,215.31,215.31,56538800,219.368,223.015,6.592,40.284,-9.752,-12.165,0.002,-0.558,0.002,0.004,-0.056
2022-11-04,222.6,223.8,203.08,207.47,207.47,98622200,218.588,220.943,7.405,42.923,-10.19,-11.77,-0.036,-0.692,-0.037,-0.003,0.002
2022-11-07,208.65,208.9,196.66,197.08,197.08,93916500,217.294,217.761,9.461,39.261,-11.246,-11.665,-0.05,-0.869,-0.051,-0.006,-0.036
2022-11-08,194.02,195.2,186.75,191.3,191.3,128803400,216.034,214.233,11.655,39.484,-12.406,-11.813,-0.029,-0.968,-0.03,-0.015,-0.05
2022-11-09,190.78,195.89,177.12,177.59,177.59,127062700,214.051,209.347,15.354,35.07,-14.267,-12.304,-0.072,-1.201,-0.074,-0.023,-0.029
2022-11-10,189.9,191.0,180.03,190.72,190.72,132703000,212.501,206.863,16.48,39.041,-14.516,-12.746,0.074,-0.978,0.071,-0.016,-0.072
2022-11-11,186.0,196.52,182.59,195.97,195.97,114403600,212.05,205.411,16.999,46.53,-14.126,-13.022,0.028,-0.888,0.027,-0.014,0.074
2022-11-14,192.77,195.73,186.34,190.95,190.95,92226600,210.63,203.483,17.372,38.227,-14.06,-13.23,-0.026,-0.974,-0.026,-0.017,0.028
2022-11-15,195.88,200.82,192.06,194.42,194.42,91293800,209.341,202.274,17.049,39.546,-13.572,-13.298,0.018,-0.914,0.018,-0.015,-0.026
2022-11-16,191.51,192.57,185.66,186.92,186.92,66567600,207.585,200.227,16.821,36.377,-13.633,-13.365,-0.039,-1.042,-0.039,-0.013,0.018
2022-11-17,183.96,186.16,180.9,183.17,183.17,64336000,206.38,197.953,15.94,39.774,-13.824,-13.457,-0.02,-1.106,-0.02,-0.015,-0.039
2022-11-18,185.05,185.19,176.55,180.19,180.19,76048900,204.667,195.585,14.637,34.94,-14.054,-13.576,-0.016,-1.157,-0.016,-0.013,-0.02
2022-11-21,175.85,176.77,167.54,167.87,167.87,92882700,202.498,191.889,13.565,32.343,-15.057,-13.873,-0.068,-1.367,-0.071,-0.015,-0.016
2022-11-22,168.63,170.92,166.19,169.91,169.91,78452300,199.873,188.959,13.142,26.911,-15.509,-14.2,0.012,-1.332,0.012,-0.011,-0.068
2022-11-23,173.57,183.62,172.5,183.2,183.2,109536700,197.801,188.191,10.835,33.395,-14.625,-14.285,0.078,-1.106,0.075,0.004,0.012
2022-11-25,185.06,185.2,180.63,182.86,182.86,50672700,195.689,187.48,9.1,33.063,-13.794,-14.187,-0.002,-1.111,-0.002,-0.003,0.078
2022-11-28,179.96,188.5,179.0,182.92,182.92,92905200,193.409,186.872,8.435,31.204,-12.98,-13.945,0.0,-1.11,0.0,-0.006,-0.002
2022-11-29,184.99,186.38,178.75,180.83,180.83,83357100,191.074,186.066,8.213,30.921,-12.362,-13.629,-0.011,-1.146,-0.011,-0.005,0.0
2022-11-30,182.43,194.76,180.63,194.7,194.7,109186400,189.418,187.218,8.549,37.824,-10.63,-13.029,0.077,-0.91,0.074,0.001,-0.011
2022-12-01,197.08,198.92,191.8,194.7,194.7,80046200,188.404,188.215,8.829,41.767,-9.152,-12.254,0.0,-0.91,0.0,0.005,0.077
2022-12-02,191.78,196.25,191.11,194.86,194.86,73645900,187.381,189.101,8.726,41.686,-7.877,-11.378,0.001,-0.907,0.001,0.007,0.0
2022-12-05,189.44,191.27,180.55,182.45,182.45,93122700,186.13,188.214,8.561,40.193,-7.778,-10.658,-0.064,-1.118,-0.066,0.002,0.001
2022-12-06,181.22,183.65,175.33,179.82,179.82,92150800,185.267,187.095,8.099,42.796,-7.822,-10.091,-0.014,-1.163,-0.015,0.008,-0.064
2022-12-07,175.03,179.38,172.22,174.04,174.04,84213300,184.404,185.354,8.368,42.796,-8.228,-9.718,-0.032,-1.262,-0.033,0.003,-0.014
2022-12-08,172.2,175.2,169.06,173.44,173.44,97624500,184.197,183.766,8.684,48.055,-8.5,-9.475,-0.003,-1.272,-0.003,-0.005,-0.032
2022-12-09,173.84,182.5,173.36,179.05,179.05,104872300,183.613,183.137,8.703,44.116,-8.169,-9.214,0.032,-1.176,0.032,-0.001,-0.003
2022-12-12,176.1,177.37,167.52,167.82,167.82,109794500,182.206,181.095,8.709,36.614,-8.713,-9.114,-0.063,-1.368,-0.065,-0.008,0.032
2022-12-13,174.87,175.05,156.91,160.95,160.95,175862700,180.706,178.409,9.875,35.981,-9.587,-9.208,-0.041,-1.485,-0.042,-0.011,-0.063
2022-12-14,159.25,161.62,155.31,156.8,156.8,140682300,178.825,175.528,11.734,32.532,-10.494,-9.466,-0.026,-1.556,-0.026,-0.021,-0.041
2022-12-15,153.44,160.93,153.28,157.67,157.67,122334500,177.363,173.147,12.955,35.527,-11.016,-9.776,0.006,-1.541,0.006,-0.02,-0.026
2022-12-16,159.64,160.99,150.04,150.23,150.23,139032200,175.715,170.091,14.667,34.275,-11.893,-10.199,-0.047,-1.667,-0.048,-0.025,0.006
2022-12-19,154.0,155.25,145.82,149.87,149.87,139390600,174.199,167.395,15.966,35.155,-12.472,-10.654,-0.002,-1.674,-0.002,-0.019,-0.047
2022-12-20,146.05,148.47,137.66,137.8,137.8,159563300,172.696,163.449,17.109,35.241,-13.748,-11.272,-0.081,-1.879,-0.084,-0.026,-0.002
2022-12-21,139.34,141.26,135.89,137.57,137.57,145417400,171.079,159.998,17.202,33.84,-14.608,-11.94,-0.002,-1.883,-0.002,-0.023,-0.081
2022-12-22,136.0,136.63,122.26,125.35,125.35,210090300,168.187,155.379,17.773,20.78,-16.091,-12.77,-0.089,-2.091,-0.093,-0.031,-0.002
2022-12-23,126.37,128.62,121.02,123.15,123.15,166989700,165.201,151.081,18.91,20.397,-17.245,-13.665,-0.018,-2.129,-0.018,-0.036,-0.089
2022-12-27,117.5,119.67,108.76,109.1,109.1,208643400,161.51,145.484,21.155,17.86,-19.073,-14.747,-0.114,-2.368,-0.121,-0.041,-0.018
2022-12-28,110.35,116.27,108.24,112.71,112.71,221070500,158.104,141.114,22.165,20.729,-20.0,-15.797,0.033,-2.307,0.033,-0.034,-0.114
2022-12-29,120.39,123.57,117.5,121.82,121.82,221923300,154.46,138.542,21.501,17.348,-19.772,-16.592,0.081,-2.152,0.078,-0.023,0.033
2022-12-30,119.95,124.48,119.75,123.18,123.18,157777300,150.884,136.493,19.182,18.343,-19.259,-17.125,0.011,-2.128,0.011,-0.023,0.081
2023-01-03,118.47,118.8,104.64,108.1,108.1,231402800,146.546,132.708,18.71,16.078,-19.841,-17.669,-0.122,-2.385,-0.131,-0.03,0.011
2023-01-04,109.11,114.59,107.52,113.64,113.64,180389000,143.106,130.165,17.689,21.568,-19.629,-18.061,0.051,-2.291,0.05,-0.025,-0.122
2023-01-05,110.51,111.75,107.16,110.34,110.34,157986300,139.631,127.522,16.706,21.45,-19.502,-18.349,-0.029,-2.347,-0.029,-0.02,0.051
2023-01-06,103.0,114.39,101.81,113.06,113.06,220911100,136.583,125.594,14.559,24.296,-18.963,-18.472,0.025,-2.301,0.024,-0.017,-0.029
2023-01-09,118.96,123.52,117.11,119.77,119.77,190284000,133.899,124.817,12.462,28.486,-17.79,-18.335,0.059,-2.187,0.058,-0.002,0.025
2023-01-10,121.07,122.76,114.92,118.85,118.85,167642500,130.889,124.022,9.496,24.925,-16.742,-18.017,-0.008,-2.202,-0.008,-0.001,0.059
2023-01-11,122.09,125.95,120.51,123.22,123.22,183810800,128.659,123.915,8.033,30.297,-15.381,-17.489,0.037,-2.128,0.036,0.014,-0.008
2023-01-12,122.56,124.13,117.0,123.56,123.56,169400900,126.789,123.867,6.13,32.471,-14.112,-16.814,0.003,-2.122,0.003,0.011,0.037
2023-01-13,116.55,122.63,115.6,122.4,122.4,180714100,125.069,123.672,5.888,33.407,-13.05,-16.061,-0.009,-2.142,-0.009,0.002,0.003
2023-01-17,125.7,131.7,125.02,131.49,131.49,186477000,123.76,124.714,6.861,38.3,-11.344,-15.118,0.074,-1.987,0.072,0.008,-0.009
2023-01-18,136.56,136.68,127.01,128.78,128.78,195680300,122.688,125.256,6.925,39.991,-10.094,-14.113,-0.021,-2.033,-0.021,0.018,0.074
2023-01-19,127.26,129.99,124.31,127.17,127.17,170291900,121.553,125.511,6.937,39.53,-9.128,-13.116,-0.013,-2.06,-0.013,0.012,-0.021
2023-01-20,128.68,133.51,127.35,133.42,133.42,138858100,121.334,126.566,7.765,47.865,-7.769,-12.046,0.049,-1.954,0.048,0.02,-0.013
2023-01-23,135.87,145.38,134.27,143.75,143.75,203119200,121.643,128.857,9.836,52.742,-5.791,-10.795,0.077,-1.778,0.075,0.025,0.049
2023-01-24,143.0,146.5,141.1,143.89,143.89,158699100,122.57,130.861,10.39,59.215,-4.165,-9.469,0.001,-1.776,0.001,0.019,0.077
2023-01-25,141.91,146.41,138.07,144.43,144.43,192734300,123.634,132.671,10.987,60.754,-2.8,-8.135,0.004,-1.766,0.004,0.02,0.001
2023-01-26,159.97,161.42,154.76,160.27,160.27,234815100,126.192,136.351,12.94,75.4,-0.435,-6.595,0.11,-1.496,0.104,0.028,0.004
2023-01-27,162.43,180.68,161.17,177.9,177.9,306590600,129.452,141.89,16.993,78.405,2.829,-4.711,0.11,-1.196,0.104,0.038,0.11
2023-01-30,178.05,179.77,166.5,166.66,166.66,230878800,131.694,145.193,18.203,69.182,4.458,-2.877,-0.063,-1.387,-0.065,0.033,0.11
2023-01-31,164.57,174.3,162.78,173.22,173.22,196813500,134.196,148.93,19.341,70.495,6.206,-1.06,0.039,-1.276,0.039,0.029,-0.063
2023-02-01,173.89,183.81,169.93,181.41,181.41,213806300,137.861,153.261,20.977,81.821,8.158,0.783,0.047,-1.136,0.046,0.036,0.039
2023-02-02,187.33,196.75,182.61,188.27,188.27,217448300,141.593,157.929,22.484,82.027,10.142,2.655,0.038,-1.019,0.037,0.041,0.047
2023-02-03,183.95,199.0,183.69,189.98,189.98,232662000,145.575,162.202,22.971,84.65,11.717,4.468,0.009,-0.99,0.009,0.037,0.038
2023-02-06,193.01,198.17,189.92,194.76,194.76,186188100,149.66,166.543,23.883,84.921,13.199,6.214,0.025,-0.909,0.025,0.032,0.009
2023-02-07,196.43,197.5,189.55,196.81,196.81,186010300,153.512,170.579,23.745,84.295,14.374,7.846,0.011,-0.874,0.01,0.033,0.025
2023-02-08,196.1,203.0,194.31,201.29,201.29,180673600,157.634,174.674,22.697,85.571,15.487,9.374,0.023,-0.797,0.023,0.035,0.011
2023-02-09,207.78,214.0,204.77,207.32,207.32,215431400,161.839,179.026,21.825,85.775,16.664,10.832,0.03,-0.695,0.03,0.027,0.023
2023-02-10,202.23,206.2,192.89,196.89,196.89,204754100,165.505,181.408,20.27,78.728,16.564,11.979,-0.05,-0.872,-0.052,0.011,0.03
2023-02-13,194.42,196.3,187.61,194.64,194.64,172475500,169.117,183.172,17.64,78.061,16.118,12.806,-0.011,-0.911,-0.011,0.016,-0.05
2023-02-14,191.94,209.82,189.44,209.25,209.25,216455700,173.005,186.649,14.772,78.963,16.75,13.595,0.075,-0.662,0.072,0.02,-0.011
2023-02-15,211.76,214.66,206.11,214.24,214.24,181006400,177.278,190.328,13.859,81.299,17.452,14.366,0.024,-0.577,0.024,0.017,0.075
2023-02-16,210.78,217.65,201.84,202.04,202.04,229586500,181.022,191.89,13.42,75.447,16.83,14.859,-0.057,-0.785,-0.059,0.008,0.024
2023-02-17,199.99,208.44,197.5,208.31,208.31,213738500,184.766,194.079,11.335,75.45,16.651,15.218,0.031,-0.678,0.031,0.01,-0.057
2023-02-21,204.99,209.71,197.22,197.37,197.37,180018600,187.447,194.518,9.037,68.147,15.449,15.264,-0.053,-0.864,-0.054,0.002,0.031
2023-02-22,197.93,201.99,191.78,200.86,200.86,191828500,190.296,195.364,7.536,68.853,14.609,15.133,0.018,-0.805,0.018,0.003,-0.053
2023-02-23,203.91,205.14,196.33,202.07,202.07,146360000,193.178,196.258,6.721,68.991,13.881,14.883,0.006,-0.784,0.006,0.001,0.018
2023-02-24,196.33,197.67,192.8,196.88,196.88,142228100,195.008,196.341,6.061,62.972,12.738,14.454,-0.026,-0.873,-0.026,-0.004,0.006
2023-02-27,202.03,209.42,201.26,207.63,207.63,161028300,196.495,197.846,5.914,61.074,12.556,14.074,0.055,-0.689,0.053,0.006,-0.026
2023-02-28,210.59,211.23,203.75,205.71,205.71,153144900,198.448,198.894,5.726,65.631,12.116,13.683,-0.009,-0.722,-0.009,0.006,0.055
2023-03-01,206.21,207.2,198.52,202.77,202.77,156852800,199.925,199.411,5.702,62.182,11.399,13.226,-0.014,-0.772,-0.014,-0.003,-0.009
2023-03-02,186.74,193.75,186.01,190.9,190.9,181500700,200.4,198.276,6.448,53.797,9.761,12.533,-0.059,-0.974,-0.06,-0.011,-0.014
2023-03-03,194.8,200.48,192.88,197.79,197.79,154193300,200.875,198.212,6.396,53.808,8.916,11.809,0.036,-0.857,0.035,-0.001,-0.059
2023-03-06,198.54,198.6,192.3,193.81,193.81,128100100,201.067,197.625,6.475,51.505,7.834,11.014,-0.02,-0.925,-0.02,-0.007,0.036
2023-03-07,191.38,194.2,186.1,187.71,187.71,148125800,200.715,196.303,7.171,47.259,6.411,10.094,-0.031,-1.029,-0.032,-0.004,-0.02
2023-03-08,185.04,186.5,180.0,182.0,182.0,151897800,199.974,194.396,7.61,44.401,4.768,9.029,-0.03,-1.126,-0.031,-0.009,-0.031
2023-03-09,180.25,185.18,172.51,172.92,172.92,170023800,198.556,191.532,10.08,39.635,2.701,7.763,-0.05,-1.281,-0.051,-0.015,-0.03
2023-03-10,175.13,178.29,168.44,173.44,173.44,191488900,196.862,189.12,11.112,37.102,1.093,6.429,0.003,-1.272,0.003,-0.012,-0.05
2023-03-13,167.46,177.35,163.91,174.48,174.48,167790300,195.741,187.168,12.165,40.812,-0.096,5.124,0.006,-1.254,0.006,-0.017,0.003
2023-03-14,177.31,183.8,177.14,183.26,183.26,143717900,195.172,186.647,12.096,45.571,-0.327,4.034,0.05,-1.105,0.049,-0.011,0.006
2023-03-15,180.8,182.34,176.03,180.45,180.45,145995600,193.732,185.821,11.927,37.659,-0.728,3.081,-0.015,-1.153,-0.015,-0.011,0.05
2023-03-16,180.37,185.81,178.84,184.13,184.13,121136800,192.226,185.595,11.787,36.951,-0.74,2.317,0.02,-1.09,0.02,-0.003,-0.015
2023-03-17,184.52,186.22,177.33,180.13,180.13,133197100,191.131,184.867,10.555,39.778,-1.061,1.642,-0.022,-1.158,-0.022,-0.009,0.02
2023-03-20,178.08,186.44,176.35,183.25,183.25,129684400,189.878,184.651,8.983,37.954,-1.05,1.103,0.017,-1.105,0.017,-0.005,-0.022
2023-03-21,188.28,198.0,188.04,197.58,197.58,153391400,189.889,186.375,8.262,50.098,0.112,0.905,0.078,-0.861,0.075,0.006,0.017
2023-03-22,199.3,200.66,190.95,191.15,191.15,150376400,189.403,187.012,8.277,45.6,0.509,0.826,-0.033,-0.97,-0.033,0.006,0.078
2023-03-23,195.26,199.31,188.65,192.22,192.22,144193900,188.911,187.706,7.7,45.531,0.9,0.841,0.006,-0.952,0.006,0.011,-0.033
2023-03-24,191.65,192.36,187.15,190.41,190.41,116312400,188.587,188.067,7.416,46.972,1.051,0.883,-0.009,-0.983,-0.009,0.01,0.006
2023-03-27,194.42,197.39,189.94,191.81,191.81,120851600,187.796,188.566,7.66,41.886,1.27,0.96,0.007,-0.959,0.007,0.01,-0.009
2023-03-28,192.0,192.35,185.43,189.19,189.19,98654600,186.97,188.649,7.749,41.587,1.217,1.012,-0.014,-1.004,-0.014,0.004,0.007
2023-03-29,193.13,195.29,189.44,193.88,193.88,123660000,186.525,189.346,7.332,45.552,1.536,1.117,0.025,-0.924,0.024,0.008,-0.014
2023-03-30,195.58,197.33,194.42,195.28,195.28,110252200,186.744,190.138,6.731,52.448,1.88,1.269,0.007,-0.9,0.007,0.006,0.025
2023-03-31,197.53,207.79,197.2,207.46,207.46,170222100,187.228,192.447,7.492,55.103,3.1,1.636,0.062,-0.692,0.061,0.015,0.007
2023-04-03,199.91,202.69,192.2,194.77,194.77,169545900,187.276,192.757,7.323,50.464,3.008,1.91,-0.061,-0.908,-0.063,0.007,0.062
2023-04-04,197.32,198.74,190.32,192.58,192.58,126463800,187.52,192.733,6.69,52.446,2.728,2.074,-0.011,-0.946,-0.011,-0.002,-0.061
2023-04-05,190.52,190.68,183.76,185.52,185.52,133882500,187.696,191.772,6.578,51.744,1.913,2.041,-0.037,-1.066,-0.037,-0.002,-0.011
2023-04-06,183.08,186.39,179.74,185.06,185.06,123857900,188.303,190.877,6.013,56.578,1.217,1.877,-0.002,-1.074,-0.002,-0.003,-0.037
2023-04-10,179.94,185.1,176.11,184.51,184.51,142154600,188.856,190.028,5.878,55.996,0.613,1.624,-0.003,-1.083,-0.003,-0.003,-0.002
2023-04-11,186.69,189.19,185.65,186.79,186.79,115770900,189.472,189.596,5.831,56.579,0.315,1.362,0.012,-1.044,0.012,-0.002,-0.003
2023-04-12,190.74,191.58,180.31,180.54,180.54,150256300,189.336,188.389,6.525,48.506,-0.42,1.006,-0.033,-1.151,-0.034,-0.004,0.012
2023-04-13,182.96,186.5,180.94,185.9,185.9,112933000,189.608,188.057,6.631,52.912,-0.564,0.692,0.03,-1.06,0.029,-0.004,-0.033
2023-04-14,183.95,186.28,182.01,185.0,185.0,96438700,189.651,187.649,6.777,50.479,-0.743,0.405,-0.005,-1.075,-0.005,-0.005,0.03
2023-04-17,186.32,189.69,182.69,187.04,187.04,116662200,189.997,187.568,6.793,53.889,-0.711,0.182,0.011,-1.04,0.011,-0.01,-0.005
2023-04-18,187.15,187.69,183.58,184.31,184.31,92067000,190.05,187.134,6.936,50.599,-0.896,-0.034,-0.015,-1.087,-0.015,-0.005,0.011
2023-04-19,179.1,183.5,177.65,180.59,180.59,125732700,189.2,186.261,7.15,39.085,-1.327,-0.293,-0.02,-1.15,-0.02,-0.006,-0.015
2023-04-20,166.17,169.7,160.56,162.99,162.99,210970800,187.792,183.158,9.52,34.18,-3.054,-0.845,-0.097,-1.45,-0.103,-0.012,-0.02
2023-04-21,164.8,166.0,161.32,165.08,165.08,123539000,186.435,180.748,8.863,34.926,-4.205,-1.517,0.013,-1.414,0.013,-0.011,-0.097
2023-04-24,164.65,165.65,158.61,162.55,162.55,140006600,185.042,178.321,9.69,34.648,-5.261,-2.266,-0.015,-1.458,-0.015,-0.012,0.013
2023-04-25,159.82,163.47,158.75,160.67,160.67,121999300,183.485,175.968,10.385,32.931,-6.179,-3.048,-0.012,-1.49,-0.012,-0.014,-0.015
2023-04-26,160.29,160.67,153.14,153.75,153.75,153364100,181.713,173.006,12.032,31.449,-7.379,-3.915,-0.043,-1.607,-0.044,-0.015,-0.012
2023-04-27,152.64,160.48,152.37,160.19,160.19,127015200,180.029,171.297,12.43,32.682,-7.722,-4.676,0.042,-1.498,0.041,-0.014,-0.043
2023-04-28,160.9,165.0,157.32,164.31,164.31,122515800,178.48,170.365,12.323,34.513,-7.574,-5.256,0.026,-1.428,0.025,-0.011,0.042
2023-05-01,163.17,163.28,158.83,161.83,161.83,109015000,176.199,169.227,11.949,24.731,-7.569,-5.718,-0.015,-1.47,-0.015,-0.014,0.026
2023-05-02,161.88,165.49,158.93,160.31,160.31,128259700,174.476,168.038,11.936,28.223,-7.6,-6.095,-0.009,-1.496,-0.009,-0.013,-0.015
2023-05-03,160.01,165.0,159.91,160.61,160.61,119728000,172.877,167.048,11.17,29.302,-7.514,-6.379,0.002,-1.491,0.002,-0.011,-0.009
2023-05-04,162.71,162.95,159.65,161.2,161.2,95108500,171.661,166.268,10.112,32.815,-7.314,-6.566,0.004,-1.481,0.004,-0.001,0.002
2023-05-05,163.97,170.79,163.51,170.06,170.06,107440900,170.911,166.774,8.256,40.526,-6.368,-6.526,0.055,-1.33,0.054,0.003,0.004
2023-05-08,173.72,173.8,169.19,171.79,171.79,112249400,170.275,167.443,6.477,42.084,-5.415,-6.304,0.01,-1.3,0.01,0.006,0.055
2023-05-09,168.95,169.82,166.56,169.15,169.15,88965000,169.393,167.67,4.7,39.071,-4.818,-6.007,-0.015,-1.345,-0.015,0.006,0.01
2023-05-10,172.55,174.43,166.68,168.54,168.54,119840700,168.793,167.786,4.912,42.006,-4.344,-5.674,-0.004,-1.355,-0.004,0.009,-0.015
2023-05-11,168.7,173.57,166.79,172.08,172.08,103889900,168.102,168.359,5.408,40.565,-3.64,-5.267,0.021,-1.295,0.021,0.007,-0.004
2023-05-12,176.07,177.38,167.23,167.98,167.98,157577100,167.251,168.308,5.485,38.867,-3.375,-4.889,-0.024,-1.365,-0.024,0.002,0.021
2023-05-15,167.66,169.76,164.55,166.35,166.35,105592500,166.217,168.047,5.392,36.394,-3.258,-4.563,-0.01,-1.393,-0.01,0.003,-0.024
2023-05-16,165.65,169.52,164.35,166.52,166.52,98288800,165.327,167.843,4.345,37.893,-3.116,-4.273,0.001,-1.39,0.001,0.004,-0.01
2023-05-17,168.41,174.5,167.19,173.86,173.86,125473600,164.991,168.646,4.525,45.635,-2.384,-3.895,0.044,-1.265,0.043,0.008,0.001
2023-05-18,174.22,177.06,172.45,176.89,176.89,109520300,165.686,169.745,5.2,61.116,-1.541,-3.425,0.017,-1.213,0.017,0.01,0.044
2023-05-19,177.17,181.95,176.31,180.14,180.14,136024200,166.439,171.131,5.88,61.825,-0.604,-2.861,0.018,-1.158,0.018,0.006,0.017
2023-05-22,180.7,189.32,180.11,188.87,188.87,132001400,167.755,173.496,7.404,68.832,0.833,-2.122,0.048,-1.009,0.047,0.01,0.018
2023-05-23,186.2,192.96,185.26,185.77,185.77,156952100,169.01,175.133,7.734,67.651,1.702,-1.357,-0.016,-1.062,-0.017,0.01,0.048
2023-05-24,182.23,184.22,178.22,182.9,182.9,137605100,170.467,176.168,7.397,71.738,2.135,-0.659,-0.015,-1.111,-0.016,0.008,-0.016
2023-05-25,186.54,186.78,180.58,184.47,184.47,96870700,171.681,177.275,7.749,69.524,2.575,-0.012,0.009,-1.084,0.009,0.007,-0.015
2023-05-26,184.62,198.6,184.53,193.17,193.17,162061500,173.124,179.395,8.994,71.615,3.585,0.707,0.047,-0.936,0.046,0.014,0.009
2023-05-30,200.1,204.48,197.53,201.16,201.16,128818700,175.091,182.297,10.765,77.21,4.972,1.56,0.041,-0.8,0.041,0.019,0.047
2023-05-31,199.78,203.95,195.12,203.93,203.93,150711700,177.272,185.181,12.138,79.665,6.223,2.493,0.014,-0.752,0.014,0.021,0.041
2023-06-01,202.59,209.8,199.37,207.52,207.52,148029900,179.617,188.16,13.583,80.536,7.419,3.478,0.018,-0.691,0.017,0.018,0.014
2023-06-02,210.15,217.25,209.75,213.97,213.97,164129000,182.256,191.601,14.847,81.916,8.786,4.54,0.031,-0.581,0.031,0.019,0.018
2023-06-05,217.8,221.29,214.52,217.61,217.61,151143100,184.633,195.069,15.525,80.697,10.047,5.641,0.017,-0.519,0.017,0.019,0.031
2023-06-06,216.14,221.91,212.53,221.31,221.31,146911600,187.109,198.568,15.73,81.176,11.216,6.756,0.017,-0.456,0.017,0.016,0.017
2023-06-07,228.0,230.83,223.2,224.57,224.57,185710800,189.881,202.035,16.288,84.62,12.264,7.858,0.015,-0.401,0.015,0.019,0.017
2023-06-08,224.22,235.23,223.01,234.86,234.86,164489700,193.197,206.411,17.622,86.959,13.766,9.039,0.046,-0.225,0.045,0.025,0.015
2023-06-09,249.07,252.42,242.02,244.4,244.4,199882300,196.812,211.476,19.512,87.777,15.547,10.341,0.041,-0.063,0.04,0.029,0.046
2023-06-12,247.94,250.97,244.59,249.83,249.83,150337900,200.905,216.59,21.72,92.169,17.198,11.712,0.022,0.03,0.022,0.026,0.041
2023-06-13,253.51,259.68,251.34,258.71,258.71,162384300,205.523,222.206,23.653,94.276,19.004,13.171,0.036,0.181,0.035,0.026,0.022
2023-06-14,260.17,261.57,250.5,256.79,256.79,170575500,210.036,226.817,23.696,92.56,20.05,14.546,-0.007,0.148,-0.007,0.023,0.036
2023-06-15,248.4,258.95,247.29,255.9,255.9,160171200,214.138,230.695,22.586,91.185,20.569,15.751,-0.003,0.133,-0.003,0.021,-0.007
2023-06-16,258.92,263.6,257.21,260.54,260.54,167563700,218.321,234.674,21.896,91.325,21.112,16.823,0.018,0.212,0.018,0.02,-0.003
2023-06-20,261.5,274.75,261.12,274.45,274.45,165611200,223.037,239.978,22.647,92.152,22.406,17.94,0.053,0.449,0.052,0.024,0.018
2023-06-21,275.13,276.99,257.78,259.46,259.46,211797100,226.566,242.575,21.136,79.878,21.969,18.746,-0.055,0.194,-0.056,0.016,0.053
2023-06-22,250.77,265.0,248.25,264.61,264.61,166875900,230.508,245.513,19.539,82.801,21.787,19.354,0.02,0.282,0.02,0.017,-0.055
2023-06-23,259.29,262.45,252.8,256.6,256.6,176584100,234.193,246.992,17.458,79.405,20.758,19.635,-0.03,0.145,-0.031,0.009,0.02
2023-06-26,250.07,258.37,240.7,241.05,241.05,179990600,237.022,246.199,15.247,70.309,18.474,19.403,-0.061,-0.12,-0.063,-0.001,-0.03
2023-06-27,243.24,250.39,240.85,250.21,250.21,164968200,239.874,246.734,12.79,70.406,17.204,18.963,0.038,0.036,0.037,0.001,-0.061
2023-06-28,249.7,259.88,248.89,256.24,256.24,159770800,242.628,248.002,10.01,69.985,16.495,18.469,0.024,0.139,0.024,-0.0,0.038
2023-06-29,258.03,260.74,253.61,257.5,257.5,131283400,245.307,249.268,8.26,69.653,15.852,17.946,0.005,0.16,0.005,0.001,0.024
2023-06-30,260.6,264.45,259.89,261.77,261.77,112267600,248.019,250.935,7.639,69.804,15.508,17.458,0.017,0.233,0.016,0.003,0.005
2023-07-03,276.49,284.25,275.11,279.82,279.82,119685900,251.311,254.786,9.362,72.161,16.501,17.267,0.069,0.541,0.067,0.008,0.017
2023-07-05,278.82,283.85,277.6,282.48,282.48,131530900,254.555,258.479,11.178,71.976,17.304,17.274,0.01,0.586,0.009,0.004,0.069
2023-07-06,278.09,279.97,272.88,276.54,276.54,120332100,257.317,260.887,11.801,68.431,17.262,17.272,-0.021,0.485,-0.021,0.007,0.01
2023-07-07,278.43,280.78,273.77,274.43,274.43,113602000,259.81,262.693,12.023,66.768,16.864,17.19,-0.008,0.449,-0.008,0.004,-0.021
2023-07-10,276.47,277.52,265.1,269.61,269.61,119425400,261.547,263.615,12.067,62.133,15.975,16.947,-0.018,0.367,-0.018,0.006,-0.008
2023-07-11,268.65,270.9,266.37,269.79,269.79,91972400,262.817,264.438,11.838,59.484,15.111,16.58,0.001,0.37,0.001,0.012,-0.018
2023-07-12,276.33,276.52,271.46,271.99,271.99,95672100,263.924,265.445,11.917,58.483,14.438,16.152,0.008,0.407,0.008,0.009,0.001
2023-07-13,274.59,279.45,270.6,277.9,277.9,112681500,264.884,267.106,12.388,57.517,14.217,15.765,0.022,0.508,0.021,0.008,0.008
2023-07-14,277.01,285.3,276.31,281.38,281.38,119771100,266.113,269.009,12.687,59.516,14.16,15.444,0.013,0.567,0.012,0.009,0.022
2023-07-17,286.63,292.23,283.57,290.38,290.38,131569600,267.837,271.859,11.443,62.555,14.671,15.289,0.032,0.721,0.031,0.011,0.013
2023-07-18,290.15,295.26,286.01,293.34,293.34,112434700,269.477,274.723,11.091,62.091,15.141,15.26,0.01,0.771,0.01,0.005,0.032
2023-07-19,296.04,299.29,289.52,291.26,291.26,142355400,270.318,276.928,10.59,56.789,15.171,15.242,-0.007,0.736,-0.007,0.003,0.01
2023-07-20,279.56,280.93,261.2,262.9,262.9,175158300,270.49,275.057,9.901,51.254,12.759,14.745,-0.097,0.252,-0.102,-0.004,-0.007
2023-07-21,268.0,268.0,255.8,260.02,260.02,161050100,270.26,273.052,10.122,48.299,10.494,13.895,-0.011,0.203,-0.011,-0.005,-0.097
2023-07-24,255.85,269.85,254.12,269.06,269.06,136508500,270.883,272.52,10.32,54.583,9.321,12.98,0.035,0.357,0.034,0.0,-0.011
2023-07-25,272.38,272.9,265.0,265.28,265.28,112757300,272.095,271.555,10.575,59.757,7.994,11.983,-0.014,0.293,-0.014,-0.001,0.035
2023-07-26,263.25,268.04,261.75,264.35,264.35,95856200,272.802,270.594,10.958,56.098,6.789,10.944,-0.004,0.277,-0.004,-0.002,-0.014
2023-07-27,268.31,269.13,255.3,255.71,255.71,103697300,272.775,268.61,12.043,49.776,5.079,9.771,-0.033,0.13,-0.033,-0.008,-0.004
2023-07-28,259.86,267.25,258.23,266.44,266.44,111446000,273.222,268.32,12.143,53.492,4.537,8.724,0.042,0.313,0.041,-0.005,-0.033
2023-07-31,267.48,269.08,263.78,267.43,267.43,84582200,273.506,268.202,12.205,52.269,4.139,7.807,0.004,0.33,0.004,-0.008,0.042
2023-08-01,266.26,266.47,260.25,261.07,261.07,83166000,272.568,267.251,12.595,41.707,3.273,6.9,-0.024,0.221,-0.024,-0.011,0.004
2023-08-02,255.57,259.52,250.49,254.11,254.11,101752900,271.149,265.499,13.307,37.912,2.002,5.921,-0.027,0.103,-0.027,-0.013,-0.024
2023-08-03,252.04,260.49,252.0,259.32,259.32,97569100,270.288,264.675,13.186,42.617,1.4,5.017,0.021,0.191,0.02,-0.001,-0.027
2023-08-04,260.97,264.77,253.11,253.86,253.86,99242600,269.26,263.233,12.119,41.427,0.476,4.108,-0.021,0.098,-0.021,-0.002,0.021
2023-08-07,251.45,253.65,242.76,251.45,251.45,111097900,268.352,261.662,9.802,42.276,-0.446,3.198,-0.009,0.057,-0.01,-0.007,-0.021
2023-08-08,247.45,250.92,245.01,249.7,249.7,96642200,267.347,260.067,6.236,41.568,-1.302,2.298,-0.007,0.028,-0.007,-0.006,-0.009
2023-08-09,250.87,251.1,241.9,242.19,242.19,101596300,265.858,257.683,7.774,38.026,-2.558,1.326,-0.03,-0.1,-0.031,-0.008,-0.007
2023-08-10,245.4,251.8,243.0,245.34,245.34,109498600,264.23,256.038,8.518,36.621,-3.261,0.409,0.013,-0.047,0.013,-0.004,-0.03
2023-08-11,241.77,243.79,238.02,242.65,242.65,98866600,262.293,254.253,8.689,33.981,-3.989,-0.471,-0.011,-0.093,-0.011,-0.009,0.013
2023-08-14,235.7,240.66,233.75,239.76,239.76,98595300,259.762,252.32,9.174,27.949,-4.745,-1.325,-0.012,-0.142,-0.012,-0.011,-0.011
2023-08-15,238.73,240.5,232.61,232.96,232.96,88197600,256.743,249.739,10.181,24.549,-5.825,-2.225,-0.028,-0.258,-0.029,-0.011,-0.012
2023-08-16,228.02,233.97,225.38,225.6,225.6,112484500,253.46,246.52,12.216,23.503,-7.192,-3.219,-0.032,-0.383,-0.032,-0.012,-0.028
2023-08-17,226.06,226.74,218.83,219.22,219.22,120718400,251.276,242.88,13.596,28.571,-8.69,-4.313,-0.028,-0.492,-0.029,-0.017,-0.032
2023-08-18,214.12,217.58,212.36,215.49,215.49,135813700,249.05,239.228,14.377,28.335,-10.063,-5.463,-0.017,-0.555,-0.017,-0.016,-0.028
2023-08-21,221.55,232.13,220.58,231.28,231.28,135702700,247.161,238.168,13.573,32.752,-9.764,-6.323,0.073,-0.286,0.071,-0.008,-0.017
2023-08-22,240.25,240.82,229.55,233.19,233.19,130597900,245.556,237.505,13.067,35.095,-9.266,-6.912,0.008,-0.254,0.008,-0.006,0.073
2023-08-23,229.34,238.98,229.29,236.86,236.86,101077600,244.182,237.419,11.644,37.549,-8.477,-7.225,0.016,-0.191,0.016,-0.002,0.008
2023-08-24,238.66,238.92,228.18,230.04,230.04,99777400,242.898,236.435,10.711,38.178,-8.307,-7.441,-0.029,-0.307,-0.029,-0.006,0.016
2023-08-25,231.31,239.0,230.35,238.59,238.59,106612200,241.506,236.722,9.737,36.911,-7.397,-7.432,0.037,-0.162,0.036,-0.001,-0.029
2023-08-28,242.58,244.38,235.35,238.82,238.82,107673700,240.075,237.002,8.821,36.457,-6.581,-7.262,0.001,-0.158,0.001,0.0,0.037
2023-08-29,238.58,257.48,237.77,257.18,257.18,134047600,239.881,239.692,10.649,48.347,-4.402,-6.69,0.077,0.155,0.074,0.011,0.001
2023-08-30,254.2,260.51,250.59,256.9,256.9,121988400,240.02,241.987,11.905,51.257,-2.667,-5.886,-0.001,0.15,-0.001,0.014,0.077
2023-08-31,255.98,261.18,255.05,258.08,258.08,108861700,239.958,244.132,13.245,49.42,-1.184,-4.945,0.005,0.17,0.005,0.017,-0.001
2023-09-01,257.26,259.08,242.01,245.01,245.01,132272500,239.515,244.249,13.411,46.136,-1.05,-4.166,-0.051,-0.052,-0.052,0.014,0.005
2023-09-05,245.0,258.0,244.86,256.49,256.49,129469600,239.767,245.882,14.299,52.039,-0.018,-3.337,0.047,0.143,0.046,0.011,-0.051
2023-09-06,255.14,255.39,245.06,251.92,251.92,116959800,239.878,246.687,14.165,50.878,0.426,-2.584,-0.018,0.065,-0.018,0.008,0.047
2023-09-07,245.07,252.81,243.27,251.49,251.49,115312900,240.343,247.327,12.986,53.896,0.735,-1.92,-0.002,0.058,-0.002,0.007,-0.018
2023-09-08,251.22,256.52,246.67,248.5,248.5,118367700,240.501,247.483,10.344,51.326,0.73,-1.39,-0.012,0.007,-0.012,0.008,-0.002
2023-09-11,264.27,274.85,260.61,273.58,273.58,174667900,242.048,250.963,11.979,60.924,2.719,-0.568,0.101,0.434,0.096,0.015,-0.012
2023-09-12,270.76,278.39,266.6,267.48,267.48,135999900,243.434,253.165,12.149,59.573,3.759,0.297,-0.022,0.33,-0.023,0.012,0.101
2023-09-13,270.07,274.98,268.1,271.3,271.3,111673700,245.351,255.583,12.592,63.519,4.836,1.205,0.014,0.396,0.014,0.006,-0.022
2023-09-14,271.32,276.71,270.42,276.04,276.04,107709800,247.873,258.311,12.063,68.12,6.003,2.165,0.017,0.476,0.017,0.008,0.014
2023-09-15,277.55,278.98,271.0,274.39,274.39,133422800,250.631,260.455,11.759,70.517,6.717,3.075,-0.006,0.448,-0.006,0.007,0.017
2023-09-18,271.16,271.44,263.76,265.28,265.28,101543300,253.121,261.098,10.285,67.804,6.474,3.755,-0.033,0.293,-0.034,0.009,-0.006
2023-09-19,264.35,267.85,261.2,266.5,266.5,103704000,254.882,261.818,10.322,64.059,6.306,4.265,0.005,0.314,0.005,0.004,-0.033
2023-09-20,267.04,273.93,262.46,262.59,262.59,122514600,256.352,261.921,10.233,61.551,5.791,4.57,-0.015,0.247,-0.015,0.005,0.005
2023-09-21,257.85,260.86,254.21,255.7,255.7,119531000,257.294,261.092,10.323,57.219,4.772,4.611,-0.026,0.13,-0.027,0.002,-0.015
2023-09-22,257.4,257.79,244.48,244.88,244.88,127524100,258.036,258.93,10.34,55.518,3.056,4.3,-0.042,-0.055,-0.043,-0.001,-0.026
2023-09-25,243.38,247.1,238.31,246.99,246.99,104636600,258.456,257.338,11.01,53.28,1.845,3.809,0.009,-0.019,0.009,-0.01,-0.042
2023-09-26,242.98,249.55,241.66,244.12,244.12,101993600,258.721,255.576,11.691,52.028,0.647,3.176,-0.012,-0.068,-0.012,-0.009,0.009
2023-09-27,244.26,245.33,234.58,240.5,240.5,136597200,257.887,253.566,12.679,42.807,-0.589,2.423,-0.015,-0.129,-0.015,-0.012,-0.012
2023-09-28,240.02,247.55,238.65,246.38,246.38,117058900,257.361,252.608,12.837,45.672,-1.081,1.723,0.024,-0.029,0.024,-0.011,-0.015
2023-09-29,250.0,254.77,246.35,250.22,250.22,128346200,256.968,252.289,12.404,46.836,-1.148,1.149,0.016,0.036,0.015,-0.009,0.024
2023-10-02,244.81,254.28,242.62,251.6,251.6,123810400,257.298,252.197,12.198,52.929,-1.077,0.703,0.006,0.06,0.006,-0.005,0.016
2023-10-03,248.61,250.02,244.45,246.53,246.53,101985300,256.8,251.442,11.735,45.306,-1.414,0.28,-0.02,-0.027,-0.02,-0.008,0.006
2023-10-04,248.14,261.86,247.6,261.16,261.16,129721600,257.262,252.737,10.278,53.977,-0.494,0.125,0.059,0.223,0.058,-0.0,-0.02
2023-10-05,260.0,263.6,256.25,260.05,260.05,119159200,257.69,253.712,8.687,53.663,0.143,0.129,-0.004,0.204,-0.004,0.002,0.059
2023-10-06,253.98,261.65,250.65,260.53,260.53,117947000,258.291,254.621,8.254,55.261,0.679,0.239,0.002,0.212,0.002,0.006,-0.004
2023-10-09,255.31,261.36,252.05,259.67,259.67,101377900,257.596,255.295,7.547,42.282,1.023,0.396,-0.003,0.197,-0.003,0.005,0.002
2023-10-10,257.75,268.94,257.65,263.62,263.62,122656000,257.403,256.405,7.66,47.806,1.596,0.636,0.015,0.265,0.015,0.008,-0.003
2023-10-11,266.2,268.6,260.9,262.99,262.99,103706300,256.987,257.283,8.143,45.099,1.976,0.904,-0.002,0.254,-0.002,0.009,0.015
2023-10-12,262.92,265.41,256.63,258.87,258.87,111508100,256.129,257.494,7.952,39.798,1.922,1.107,-0.016,0.184,-0.016,0.005,-0.002
2023-10-13,258.9,259.6,250.22,251.12,251.12,102073800,254.965,256.644,7.754,37.108,1.241,1.134,-0.03,0.052,-0.03,0.001,-0.016
2023-10-16,250.05,255.4,248.48,253.92,253.92,88917200,254.397,256.281,7.207,43.233,0.916,1.09,0.011,0.099,0.011,0.001,-0.03
2023-10-17,250.1,257.18,247.08,254.85,254.85,93562900,253.814,256.09,5.924,43.036,0.725,1.017,0.004,0.115,0.004,0.004,0.011
2023-10-18,252.7,254.63,242.08,242.68,242.68,125147800,252.819,254.302,6.438,39.169,-0.404,0.733,-0.048,-0.092,-0.049,-0.007,0.004
2023-10-19,225.95,230.61,216.78,220.11,220.11,170772700,251.039,249.743,11.442,33.46,-3.084,-0.03,-0.093,-0.477,-0.098,-0.016,-0.048
2023-10-20,217.01,218.86,210.42,211.99,211.99,137734000,249.395,244.71,15.938,34.322,-5.796,-1.184,-0.037,-0.615,-0.038,-0.02,-0.093
2023-10-23,210.0,216.98,202.51,212.08,212.08,150683400,247.649,240.359,18.98,33.032,-7.848,-2.517,0.0,-0.614,0.0,-0.02,-0.037
2023-10-24,216.5,222.05,214.11,216.52,216.52,118231100,246.269,237.18,20.322,36.787,-9.012,-3.816,0.021,-0.538,0.021,-0.019,0.0
2023-10-25,215.88,220.1,212.2,212.42,212.42,107065100,244.865,233.879,21.546,36.618,-10.149,-5.082,-0.019,-0.608,-0.019,-0.021,0.021
2023-10-26,211.32,214.8,204.88,205.76,205.76,115112600,242.834,230.13,22.768,30.785,-11.455,-6.357,-0.031,-0.721,-0.032,-0.022,-0.019
2023-10-27,210.6,212.41,205.77,207.3,207.3,94881200,240.688,227.086,23.164,29.246,-12.224,-7.53,0.007,-0.695,0.007,-0.018,-0.031
2023-10-30,209.28,210.88,194.67,197.36,197.36,136448200,237.976,223.122,23.387,25.777,-13.481,-8.72,-0.048,-0.864,-0.049,-0.024,0.007
2023-10-31,196.12,202.8,194.07,200.84,200.84,118068300,235.692,220.151,22.343,29.301,-14.034,-9.783,0.018,-0.805,0.017,-0.023,-0.048
2023-11-01,204.04,205.99,197.85,205.66,205.66,121661700,232.917,218.219,20.536,22.405,-13.923,-10.611,0.024,-0.723,0.024,-0.016,0.018
2023-11-02,212.97,219.2,211.45,218.51,218.51,125987600,230.84,218.258,18.603,31.505,-12.653,-11.02,0.062,-0.504,0.061,-0.0,0.024
2023-11-03,221.15,226.37,218.4,219.96,219.96,119281000,228.811,218.485,15.613,32.091,-11.397,-11.095,0.007,-0.479,0.007,0.004,0.062
2023-11-06,223.98,226.32,215.0,219.27,219.27,117335800,226.791,218.59,11.06,32.14,-10.339,-10.944,-0.003,-0.491,-0.003,0.004,0.007
2023-11-07,219.98,223.12,215.72,222.18,222.18,116900100,224.719,219.068,7.788,31.51,-9.16,-10.587,0.013,-0.441,0.013,0.003,-0.003
2023-11-08,223.15,224.15,217.64,222.11,222.11,106584800,222.675,219.474,7.962,31.668,-8.137,-10.097,-0.0,-0.443,-0.0,0.005,0.013
2023-11-09,219.75,220.8,206.68,209.98,209.98,142110500,220.231,218.208,7.985,29.546,-8.211,-9.72,-0.055,-0.649,-0.056,0.003,-0.0
2023-11-10,210.03,215.38,205.69,214.65,214.65,130994000,218.407,217.734,8.013,34.338,-7.802,-9.336,0.022,-0.57,0.022,0.004,-0.055
2023-11-13,215.6,225.4,211.61,223.71,223.71,140447600,216.897,218.53,8.518,37.688,-6.671,-8.803,0.042,-0.415,0.041,0.013,0.022
2023-11-14,235.03,238.14,230.72,237.41,237.41,149771600,216.025,221.048,10.75,43.563,-4.615,-7.966,0.061,-0.182,0.059,0.017,0.042
2023-11-15,239.29,246.7,236.45,242.84,242.84,150354000,216.033,223.953,12.776,50.062,-2.519,-6.876,0.023,-0.089,0.023,0.017,0.061
2023-11-16,239.49,240.88,230.96,233.59,233.59,136816800,216.707,225.238,13.125,55.841,-1.586,-5.818,-0.038,-0.247,-0.039,0.007,0.023
2023-11-17,232.0,237.39,226.54,234.3,234.3,142532800,217.822,226.446,12.079,60.33,-0.78,-4.811,0.003,-0.235,0.003,0.007,-0.038
2023-11-20,234.04,237.1,231.02,235.6,235.6,116320100,218.999,227.667,10.963,60.769,-0.036,-3.856,0.006,-0.213,0.006,0.008,0.003
2023-11-21,235.04,243.62,233.34,241.2,241.2,122288000,220.232,229.471,10.424,61.182,0.994,-2.886,0.024,-0.117,0.023,0.009,0.006
2023-11-22,242.04,244.01,231.4,234.21,234.21,117950600,221.322,230.103,10.307,59.62,1.232,-2.062,-0.029,-0.236,-0.029,0.006,0.024
2023-11-24,233.75,238.75,232.33,235.45,235.45,65125200,222.807,230.816,10.216,63.767,1.503,-1.349,0.005,-0.215,0.005,0.012,-0.029
2023-11-27,236.89,238.33,232.1,236.08,236.08,112031800,224.246,231.518,9.965,63.459,1.749,-0.73,0.003,-0.205,0.003,0.01,0.005
2023-11-28,236.68,247.0,234.01,246.72,246.72,148549900,226.714,233.545,10.578,72.933,2.77,-0.03,0.045,-0.023,0.044,0.01,0.003
2023-11-29,249.21,252.75,242.76,244.14,244.14,135401300,228.879,234.958,10.634,70.287,3.333,0.643,-0.01,-0.067,-0.011,0.003,0.045
2023-11-30,245.14,245.22,236.91,240.08,240.08,132353200,230.6,235.641,8.282,66.242,3.412,1.197,-0.017,-0.136,-0.017,-0.001,-0.01
2023-12-01,233.14,240.19,231.9,238.83,238.83,121173500,231.616,236.066,5.657,60.767,3.336,1.624,-0.005,-0.158,-0.005,0.002,-0.017
2023-12-04,235.75,239.37,233.29,235.58,235.58,104099800,232.397,236.001,4.122,58.122,2.978,1.895,-0.014,-0.213,-0.014,0.001,-0.005
2023-12-05,233.87,246.66,233.7,238.72,238.72,137971100,233.369,236.364,4.116,59.862,2.915,2.099,0.013,-0.16,0.013,0.002,-0.014
2023-12-06,242.92,246.57,239.17,239.37,239.37,126436200,234.229,236.764,3.927,58.921,2.884,2.256,0.003,-0.149,0.003,-0.001,0.013
2023-12-07,241.55,244.08,236.98,242.64,242.64,107142300,235.255,237.548,3.866,60.311,3.087,2.422,0.014,-0.093,0.014,0.004,0.003
2023-12-08,240.27,245.27,239.27,243.84,243.84,102980100,236.948,238.387,3.856,69.104,3.308,2.599,0.005,-0.072,0.005,0.004,0.014
2023-12-11,242.74,243.44,237.45,239.74,239.74,97913900,238.203,238.567,3.692,64.248,3.115,2.703,-0.017,-0.142,-0.017,0.002,0.005
2023-12-12,238.55,238.99,233.87,237.01,237.01,95328300,238.868,238.36,3.736,58.138,2.711,2.704,-0.011,-0.189,-0.011,-0.004,-0.017
2023-12-13,234.19,240.3,228.2,239.29,239.29,146286300,238.961,238.484,3.42,51.337,2.546,2.673,0.01,-0.15,0.01,-0.002,-0.011
2023-12-14,241.22,253.88,240.79,251.05,251.05,160829200,239.372,240.159,4.312,55.357,3.325,2.803,0.049,0.051,0.048,0.005,0.01
2023-12-15,251.21,254.13,248.3,253.5,253.5,135720800,240.368,241.938,5.221,64.256,4.094,3.061,0.01,0.092,0.01,0.006,0.049
2023-12-18,253.78,258.74,251.36,252.08,252.08,116416500,241.257,243.29,5.749,62.603,4.535,3.356,-0.006,0.068,-0.006,0.007,0.01
2023-12-19,253.48,258.34,253.01,257.22,257.22,106737400,242.338,245.148,6.961,64.533,5.24,3.733,0.02,0.156,0.02,0.008,-0.006
2023-12-20,256.41,259.84,247.0,247.14,247.14,125097000,242.635,245.413,6.95,53.766,4.928,3.972,-0.039,-0.016,-0.04,0.003,0.02
2023-12-21,251.9,254.8,248.55,254.5,254.5,109594200,243.649,246.625,7.306,62.804,5.215,4.221,0.03,0.109,0.029,0.005,-0.039
2023-12-22,256.76,258.22,251.37,252.54,252.54,93249800,244.503,247.413,7.002,60.688,5.224,4.421,-0.008,0.076,-0.008,0.004,0.03
